0.8-1.6万/月,Android开发工程师,深圳-南山区
1.4-2万/月,Android开发工程师,上海-浦东新区
5.5-7.5千/月,安卓应用开发工程师,深圳-宝安区
1.5-2万/月,Android开发工程师,北京-顺义区
,Android开发工程师,上海-浦东新区
1-2万/月,Android开发工程师,深圳-福田区
1-1.5万/月,Android开发工程师,深圳-福田区
0.8-1.2万/月,Android高级开发工程师,上海-普陀区
1-2万/月,Android应用工程师,深圳-宝安区
1-3万/月,Android开发工程师,深圳-宝安区
0.8-1万/月,Android中级软件工程师,广州-天河区
0.8-1.5万/月,pad Android开发工程师,北京
8-15万/年,Android平台应用软件工程师,上海-浦东新区
1-1.8万/月,Android开发工程师(J12029),北京-海淀区
2-3.5万/月,android开发工程师,北京-朝阳区
2-2.5万/月,Android、Xposed,广州-天河区
1-2.5万/月,Android开发工程师,上海-浦东新区
,高级开发工程师（Android开发）YF,上海
1-2万/月,Android开发工程师,北京
0.8-1.3万/月,Android开发工程师,北京-朝阳区
6-9千/月,Android开发工程师,上海-浦东新区
0.8-1.5万/月,Android App开发工程师,上海-长宁区
1.2-1.8万/月,android工程师,上海-普陀区
2-2.5万/月,Android开发工程师（派驻宝马）,北京-朝阳区
1.5-2万/月,Android高级开发工程师,深圳-龙岗区
0.8-1万/月,Android开发工程师,深圳
1.5-5万/月,Android开发工程师,深圳-福田区
0.8-1万/月,android系统工程师,深圳
15-20万/年,Android开发工程师,广州
0.9-1.8万/月,Android高级开发工程师,深圳-龙岗区
1-2万/月,Android开发工程师,上海-闵行区
0.8-1万/月,Android开发工程师 (实习),深圳-福田区
0.8-1.6万/月,Android开发工程师（中级）,深圳-南山区
0.8-1万/月,Android开发工程师,广州-番禺区
1.5-3万/月,Android开发工程师,上海
0.8-1万/月,Android开发工程师,广州
1.4-2万/月,Android开发工程师,上海-浦东新区
0.5-2.5万/月,Android开发工程师,上海-徐汇区
6-8千/月,Android安卓开发工程师,广州-天河区
1-1.5万/月,Android开发工程师,上海-黄浦区
0.7-1.2万/月,Android开发工程师,上海-徐汇区
0.8-1.5万/月,Android开发工程师,上海-静安区
1.5-2万/月,安卓（Android）高级开发工程师,上海-静安区
1.5-2万/月,Android开发工程师（天天基金）,上海
1-1.5万/月,Android开发工程师,上海-杨浦区
1-1.5万/月,Android开发工程师,广州-海珠区
6-8千/月,Android初中级开发工程师,广州-越秀区
0.9-1万/月,Android开发工程师,广州-天河区
0.6-1.2万/月,Android软件工程师,广州-海珠区
1-1.5万/月,Android工程师,深圳-南山区
1-1.5万/月,Android开发工程师,上海
0.9-1.2万/月,Android开发工程师,深圳-南山区
1.5-2万/月,资深Android开发工程师,北京-大兴区
10-20万/年,Android Android开发工程师  Android高级开发工程师,上海-浦东新区
1-1.5万/月,Android高级开发工程师,上海-长宁区
2-2.5万/月,Android 开发工程师,深圳-宝安区
0.8-1.5万/月,Android开发工程师,深圳-福田区
0.8-1.6万/月,android 软件工程师,广州-番禺区
2-2.5万/月,Android开发工程师,广州
0.8-1.5万/月,Android开发工程师,深圳-罗湖区
1-2万/月,Android开发工程师,北京
1.5-2万/月,Android开发工程师,深圳-龙岗区
1-1.5万/月,Android开发工程师,上海-闵行区
0.8-1万/月,Android开发维护工程师,深圳-宝安区
1-1.5万/月,Android开发工程师,上海-徐汇区
1-1.5万/月,Android开发工程师,上海-静安区
1-2万/月,Android开发工程师,深圳-南山区
,SNG08-社交平台Android开发工程师（上海）,上海
0.8-1.5万/月,Android开发工程师,广州-天河区
1.5-2万/月,Android开发工程师,深圳-福田区
1.5-2万/月,Android高级开发工程师,深圳-南山区
1.5-2.5万/月,Android player developer,上海-长宁区
1-1.8万/月,Android开发工程师,上海
1-1.5万/月,Android开发工程师,上海-浦东新区
1.5-2万/月,Android系统开发工程师,深圳-南山区
1.5-2万/月,android系统软件工程师,深圳-宝安区
1.8-2.3万/月,Android开发工程师,深圳-南山区
0.8-1.5万/月,Android开发工程师,广州-荔湾区
1-2万/月,高级Linux或android系统工程师,深圳-宝安区
1-1.5万/月,Android开发工程师,北京-海淀区
1.5-2万/月,Android开发工程师,深圳-福田区
1-2.5万/月,Android开发工程师,上海-闵行区
1-1.5万/月,Android　APP开发工程师,深圳
1-1.2万/月,Android/IOS渠道推广,深圳-南山区
0.8-1万/月,Android开发工程师,上海-浦东新区
1-1.5万/月,Android开发工程师,深圳-福田区
0.8-1.5万/月,Android开发工程师,深圳-南山区
6-9千/月,Android开发工程师,广州-荔湾区
1.2-2万/月,Java和android工程师,深圳
1-1.5万/月,android高级工程师,上海-浦东新区
0.7-1.4万/月,Android开发工程师,北京-海淀区
1-1.5万/月,Android Framework开发工程师(电气公司),上海-浦东新区
1-2万/月,Android开发工程师,深圳-南山区
2-2.5万/月,Android架构师,广州-番禺区
0.6-1.8万/月,中高级android开发工程师,广州-黄埔区
1.2-1.8万/月,Android开发工程师,广州-天河区
1-1.5万/月,Android开发工程师,深圳-南山区
,Android开发工程师,上海-浦东新区
1.5-2万/月,Android开发工程师,上海-普陀区
1-1.5万/月,Android开发工程师,深圳-福田区
1-1.5万/月,Android开发工程师  （定位运营监控）,广州-天河区
0.8-1万/月,Android 开发工程师,北京-海淀区
0.8-1.5万/月,Android开发工程师,广州
0.8-1.5万/月,资深Android系统研发专家,上海
0.6-1.2万/月,Android高级开发工程师,广州
6-8千/月,Android软件开发工程师,上海-静安区
0.8-1.5万/月,Android开发工程师,上海-浦东新区
0.6-1万/月,Android开发工程师,广州-天河区
1.2-1.8万/月,Android开发工程师,深圳-福田区
0.8-1.2万/月,Android 软件工程师,上海-浦东新区
4-7千/月,Android开发工程师,广州-番禺区
0.8-1.5万/月,Android开发工程师,深圳-南山区
1-1.5万/月,Android开发工程师,广州-黄埔区
4.5-7.5千/月,Android开发工程师 （浦东）,上海
1.2-2万/月,Android工程师,北京-东城区
0.8-2.5万/月,Android高级开发工程师,上海-浦东新区
0.8-1.3万/月,Android 中级工程师,深圳-龙华新区
1-1.8万/月,Android开发工程师,深圳-南山区
1-2万/月,cocos2d-x ios/android sdk工程师,上海-徐汇区
0.8-1.2万/月,Android开发工程师,深圳-南山区
0.8-1.2万/月,android开发工程师,北京-朝阳区
1-2万/月,android 开发工程师,深圳-龙华新区
0.8-1.5万/月,Android开发工程师,深圳
1.3-2.2万/月,Android高级开发工程师,北京-朝阳区
4-8千/月,安卓Android、苹果IOS APP开发工程师,广州-天河区
0.8-1万/月,Android开发工程师,北京-房山区
,应用软件开发工程师（android应用开发+设计师）,上海-闵行区
1-1.5万/月,IOS/Android开发工程师,深圳-龙岗区
1-2万/月,Android开发工程师,广州-天河区
1.5-2万/月,手机应用程序开发(android/ ios),上海-浦东新区
1-1.3万/月,Android开发工程师,深圳-宝安区
1.5-2.5万/月,Android开发工程师,上海-徐汇区
1.5-2.5万/月,Android高级软件工程师,上海-徐汇区
1-1.5万/月,Android开发工程师,深圳-福田区
1-1.5万/月,Android开发工程师,深圳
1-1.5万/月,Android软件工程师,上海-静安区
0.6-1万/月,Android开发工程师,广州-黄埔区
5-8千/月,Android开发工程师,广州-荔湾区
0.8-1万/月,Android开发工程师,上海-徐汇区
0.8-1.5万/月,Android开发工程师,北京-海淀区
2-2.5万/月,Android高级开发工程师,上海
7.5-9.5千/月,Android软件工程师,上海
0.6-1.3万/月,Android开发工程师,广州
0.6-1.2万/月,Android开发工程师,广州-天河区
1-1.5万/月,Android开发工程师,北京-朝阳区
0.7-1.8万/月,Android开发工程师,上海-闵行区
1-2万/月,Android开发工程师,北京-丰台区
0.6-1万/月,Android开发工程师,广州-海珠区
0.8-1万/月,安卓工程师（Android）,北京-平谷区
1-1.5万/月,安卓开发工程师 (Android),上海-浦东新区
1-1.5万/月,Android平台APP开发工程师,深圳
0.6-1万/月,Android开发工程师,深圳
1-1.5万/月,Android开发工程师,北京-朝阳区
1.5-2.5万/月,Android开发工程师,上海-长宁区
2-2.5万/月,Android高级开发工程师,深圳-南山区
1.5-3万/月,APP (Android) 开发工程师,上海-普陀区
1-2万/月,Android开发工程师,上海-黄浦区
0.8-2万/月,Android开发工程师,深圳-南山区
6-8千/月,Android开发工程师,广州-天河区
4.5-6千/月,Android开发工程师,异地招聘
1.3-2万/月,Android开发工程师,北京
2-3万/月,Android系统驱动工程师,深圳-南山区
1-1.6万/月,Android工程师,上海-长宁区
1-1.5万/月,Android开发工程师,上海-杨浦区
0.6-1.2万/月,Android 开发工程师,深圳-龙华新区
0.6-1.3万/月,Android软件工程师（物流+金融）6000-13000（2人）,深圳-福田区
1-2万/月,Android开发工程师,上海-长宁区
30-40万/年,Android/iOS开发工程师,异地招聘
1-1.8万/月,Android开发工程师 (MJ000972),广州
0.8-1.5万/月,IOS/Android 开发工程师,上海
1.5-2万/月,Android 开发工程师,深圳-南山区
0.8-1万/月,Android开发工程师,异地招聘
1-2万/月,Android高级开发工程师,上海-闵行区
1-1.5万/月,Android高级开发工程师,上海
20-30万/年,Android开发工程师（无锡）,异地招聘
0.5-1万/月,Android开发工程师,广州-天河区
0.8-1.5万/月,Android开发工程师,深圳
1.5-2万/月,Sr. Android Engineer for HKJC,深圳-南山区
0.8-1万/月,Android开发工程师（JR1hj）,北京
1-1.5万/月,android系统开发工程师,深圳-龙华新区
3-4.5千/月,助理开发工程师（Android）,上海-浦东新区
1.5-2万/月,高级Android开发工程师,深圳-南山区
1-1.5万/月,Android开发工程师,深圳-南山区
6-8千/月,ANDROID/APK客户端开发工程师,广州-天河区
1-2万/月,Android开发工程师,广州-天河区
0.8-1万/月,Android安卓开发工程师,深圳-南山区
10-15万/年,Android开发工程师,广州-黄埔区
1-2万/月,Android资深工程师,深圳
0.8-1.5万/月,Android开发工程师,广州-海珠区
1-1.5万/月,Android开发工程师,深圳-福田区
0.5-1.2万/月,Android开发工程师,广州
1.5-2万/月,软件开发工程师-Android开发,上海-静安区
1-1.5万/月,Android开发人员,北京-海淀区
1.5-3万/月,Android系统工程师,深圳-宝安区
4-8千/月,Android开发工程师,广州-天河区
,Android开发工程师（ERP）,上海-浦东新区
0.8-3.5万/月,Android/安卓开发工程师,北京-朝阳区
1.5-2万/月,经执委-资深Android开发工程师,上海-浦东新区
1-1.5万/月,Android 开发工程师,上海-普陀区
0.4-1.2万/月,Android/iOS开发工程师,广州-天河区
0.8-1万/月,Android开发工程师,上海-松江区
1-1.5万/月,Android开发工程师,广州-天河区
1.5-2万/月,Android 开发工程师,北京-海淀区
0.8-1.6万/月,手机软件开发工程师（android/ios）,上海
1-1.5万/月,ANDROID开发工程师,广州-天河区
1-1.5万/月,Android软件开发工程师,北京-海淀区
1.5-2.5万/月,Android开发工程师,上海-普陀区
6-8千/月,Android开发工程师,深圳-南山区
0.9-1.1万/月,android开发工程师,上海-徐汇区
5-8千/月,Android开发工程师,上海-静安区
0.8-1.5万/月,Android开发,上海-浦东新区
1-1.5万/月,Android开发工程师,上海-浦东新区
2-4万/月,Senior Android Developer,上海-静安区
1-2万/月,Android高级开发工程师,广州-天河区
0.8-1.4万/月,Android开发工程师,上海-普陀区
1.3-1.6万/月,Android开发工程师,上海-徐汇区
0.8-1.5万/月,Android开发工程师,深圳
1.5-2万/月,Android高级开发工程师,上海
1.5-2万/月,Android开发工程师,上海-徐汇区
0.8-1万/月,Android 手机客户端开发工程师,北京-海淀区
0.8-1.5万/月,Android开发工程师,上海-松江区
0.8-1万/月,Android开发工程师,北京-大兴区
0.8-1.5万/月,Android开发工程师,北京-朝阳区
0.6-1万/月,Android开发工程师,深圳-南山区
1-1.5万/月,android开发工程师,广州-荔湾区
1-1.5万/月,Android开发工程师,深圳-福田区
1.2-3万/月,资深Android开发工程师,上海-浦东新区
0.8-1.6万/月,Android开发工程师,广州-黄埔区
0.8-1.2万/月,Android开发工程师,广州-天河区
1.3-2.6万/月,Android开发工程师,深圳-福田区
1.5-2万/月,Android开发工程师,北京-顺义区
1-2万/月,Android驱动工程师,上海-长宁区
1.5-3万/月,android开发工程师,上海-徐汇区
0.6-1.2万/月,Android开发工程师,广州
1-1.5万/月,Android开发工程师,深圳-龙岗区
0.8-1.2万/月,Android开发工程师,广州
1-1.5万/月,Android软件开发,上海-浦东新区
1-2万/月,Android驱动工程师,深圳-南山区
0.8-1万/月,android高级开发工程师,广州
1.5-2万/月,Android开发工程师,广州-天河区
1-1.5万/月,Android开发工程师,深圳
1-1.5万/月,android开发工程师,深圳-南山区
0.8-1.2万/月,Android开发工程师,广州-天河区
1-1.5万/月,Android开发工程师,上海-嘉定区
0.8-1.5万/月,Android驱动开发工程师,上海-徐汇区
0.8-1.4万/月,Android开发工程师,广州-天河区
2-2.5万/月,Android开发工程师,北京
4-8千/月,Android开发工程师,广州-越秀区
1.5-2万/月,Android手机系统开发工程师,上海-浦东新区
15-20万/年,Android软件开发工程师,上海-杨浦区
1.2-1.5万/月,Android开发工程师,上海-浦东新区
1-1.5万/月,Android开发工程师（驱动方向）,深圳-南山区
1.5-2万/月,"移动开发工程师(android,ios)",上海-长宁区
1.5-2万/月,android开发工程师,深圳-福田区
1-1.5万/月,Android 软件工程师,深圳
1-1.5万/月,Android开发工程师,北京-丰台区
1-1.5万/月,Android应用开发工程师,深圳-宝安区
0.7-1万/月,Android 开发工程师,深圳
1.5-2万/月,中级Android开发工程师（徐汇区）,上海-徐汇区
0.8-1万/月,Android 工程师,北京-西城区
1-1.8万/月,Android开发工程师,深圳-福田区
0.8-1.5万/月,Android高级软件工程师,深圳-南山区
0.8-1万/月,Android系统工程师,上海
1-1.5万/月,Android开发工程师,上海-闵行区
0.6-1万/月,Android开发工程师,广州-天河区
0.8-1.5万/月,Android开发工程师,深圳
0.6-1万/月,Android开发工程师,广州
1-1.3万/月,Android开发工程师,上海-浦东新区
0.8-1.2万/月,Android开发工程师,上海
1-1.5万/月,Android开发工程师,深圳-宝安区
3-4.5千/月,Android开发工程师,广州-天河区
0.8-1万/月,Android开发工程师（出差）,广州
1.3-1.6万/月,Android开发工程师,上海
1-1.5万/月,Android开发工程师,广州-黄埔区
1.5-2万/月,Android开发工程师,深圳-南山区
1-1.5万/月,Android开发工程师,深圳-南山区
1.4-2.2万/月,Android安卓工程师,深圳-南山区
1.5-2万/月,android软件工程师,深圳-南山区
1-1.5万/月,Android开发工程师,上海-浦东新区
2-4万/月,搜狗输入法-Android高级开发工程师,北京-海淀区
2-3.5万/月,Android 应用开发工程师,北京-海淀区
0.8-1.2万/月,Java开发(Android方向),上海-虹口区
1.5-3.5万/月,高级Android开发工程师,深圳-福田区
1-1.5万/月,Android开发工程师,上海-闵行区
0.6-1.2万/月,Android开发工程师,深圳-宝安区
1-2万/月,Android开发工程师,深圳-南山区
0.8-1.5万/月,Android 高级开发工程师（非外包公司）,广州-番禺区
1-1.5万/月,android研发工程师,北京-海淀区
1-2万/月,Android高级开发工程师,北京-海淀区
6-8千/月,Android开发工程师,深圳-龙华新区
0.8-1.6万/月,Android开发工程师,深圳-南山区
2.5-4千/月,Android-实习,广州-花都区
1-1.5万/月,Android开发工程师,上海-徐汇区
0.6-1万/月,Android开发工程师,异地招聘
1-1.7万/月,Android APP工程师,异地招聘
0.8-1万/月,Android开发工程师（周末双休）,广州-天河区
1-1.5万/月,Android开发 华为外包,深圳-南山区
1.2-2.5万/月,SU-Android系统软件工程师(J10938),广州
6-8千/月,Android开发工程师,上海-闵行区
1.1-1.6万/月,Android开发工程师,北京-西城区
1-2万/月,Android开发工程师,北京
6-8千/月,Android开发工程师,广州-番禺区
1-1.5万/月,android 高级开发工程师,深圳-福田区
0.7-1万/月,Android技术支持工程师,深圳-宝安区
1-1.5万/月,cocos2d-x ios/android sdk工程师,上海
1.5-2.5万/月,高级Android开发工程师,上海-徐汇区
0.8-1万/月,Android软件工程师,深圳-南山区
5-8千/月,Android开发工程师,广州-番禺区
0.8-2万/月,Android开发工程师,深圳-福田区
0.8-1万/月,Android 网游SDK开发工程师,深圳-南山区
1.2-2万/月,Android开发工程师,北京-海淀区
1-2万/月,高级Android发工程师,广州-越秀区
0.8-1万/月,Android软件工程师,深圳-南山区
0.8-1万/月,Android开发工程师,广州-海珠区
1-2万/月,中高级android软件工程师,北京-朝阳区
1.2-1.8万/月,资深安卓Android工程师,上海
1-1.5万/月,Android开发工程师,上海-徐汇区
0.8-1.2万/月,Android开发工程师（双休+五险一金）,广州
1-2万/月,Android开发工程师,广州-荔湾区
0.4-1万/月,Android应用开发,深圳-南山区
1-1.5万/月,android开发工程师,北京-海淀区
1-3万/月,嵌入式系统(Android/Linux)软件工程师,深圳-南山区
1-1.5万/月,Android开发工程师,上海-青浦区
2-3.5万/月,Android开发工程师,广州-海珠区
1-1.5万/月,Android研发工程师,北京-朝阳区
6-8千/月,Android开发/安卓开发,广州-天河区
0.9-1.1万/月,Android开发工程师,广州-天河区
0.6-1.2万/月,Android开发工程师,广州-黄埔区
1-2万/月,Android开发工程师,北京-朝阳区
1-1.5万/月,安卓(Android)高级软件开发工程师,上海-黄浦区
1.3-1.8万/月,高级Android开发工程师,北京
0.8-1万/月,Android程序员,北京
2.5-3万/月,Android开发工程师,深圳-南山区
24-40万/年,Android资深开发工程师,深圳-龙华新区
0.8-1万/月,Android开发工程师,广州-海珠区
1.5-2.5万/月,Android开发工程师,上海-浦东新区
0.8-1.5万/月,Android系统工程师,广州-天河区
,商业产品事业部-Android研发工程师,上海
2-2.5万/月,高级Android系统工程师,深圳-南山区
1-1.5万/月,Android开发工程师,上海
1.5-2万/月,Android开发工程师,北京-朝阳区
1.5-2万/月,Android开发工程师（百胜集团）,上海-徐汇区
0.8-1.5万/月,Android产品设计工程师,广州
1-1.5万/月,Android开发工程师,深圳-宝安区
1-1.5万/月,Android开发工程师,深圳-南山区
0.8-1.2万/月,Android高级开发工程师,深圳-龙华新区
1-2万/月,Android开发工程师+万胜围+五险一金,广州-海珠区
1.5-2万/月,Android 应用高级开发工程师,深圳-龙华新区
1-1.5万/月,穿戴产品线Android开发工程师,深圳-南山区
1-1.5万/月,Android开发工程师,上海
1-1.5万/月,Android工程师,深圳-宝安区
1-2万/月,Android软件开发,上海-虹口区
1-1.3万/月,Android开发工程师,上海-杨浦区
0.7-1万/月,Android 工程师,上海-徐汇区
0.8-1.2万/月,Android软件开发工程师,上海-浦东新区
1.2-1.5万/月,Android安卓开发工程师,北京-海淀区
6-8千/月,Android应用开发工程师,广州-天河区
1-2万/月,android高级开发工程师,广州-天河区
1.5-2万/月,Android 安卓  软件开发工程师,上海-长宁区
3-4万/月,Android高级开发工程师,北京-朝阳区
0.5-1万/月,Android开发工程师,广州-黄埔区
1-2万/月,Android高级开发工程师,上海-闵行区
1-1.5万/月,Android驱动开发,北京-海淀区
5-8千/月,android初中级,广州-番禺区
1-1.5万/月,android工程师,深圳-龙岗区
0.8-1.5万/月,Android开发工程师,深圳-南山区
0.8-1.2万/月,APP开发工程师 Android,广州
0.7-1万/月,高薪诚聘Android 程序员,广州-天河区
0.5-2.5万/月,㊣㊣㊣ Android 安桌 开发工程师 ㊣㊣㊣,广州-天河区
0.7-1.4万/月,Android 安卓应用开发工程师,深圳-南山区
1-1.5万/月,Android工程师,广州-天河区
1.5-2万/月,Android开发工程师（中高级）,深圳-龙华新区
1.5-2万/月,Android软件资深工程师,上海-闵行区
0.7-1.8万/月,Android开发工程师,北京-海淀区
6-8千/月,Android开发工程师,深圳-福田区
0.8-1.2万/月,Android开发工程师,上海-闵行区
1-2万/月,Android开发工程师,上海-浦东新区
1-2万/月,Android开发工程师,深圳-福田区
1-1.5万/月,Android测试工程师,上海-浦东新区
0.8-1万/月,Android开发工程师,广州-黄埔区
3-5.3千/月,初级Java/Android移动开发助理（人才储备）,深圳-龙岗区
6-9千/月,Android开发工程师,广州-天河区
1-1.6万/月,Android开发工程师+五险一金,广州-天河区
0.8-1万/月,Android开发工程师,上海-徐汇区
0.5-1万/月,初级Android开发工程师,广州
1.5-3万/月,android安全工程师,深圳
1.2-2万/月,Android研发工程师(中级）,广州-天河区
0.5-1万/月,Android开发工程师,广州-海珠区
1.5-2.5万/月,Android开发工程师（16号线滴水湖站）,上海-浦东新区
1-1.5万/月,Android 研发工程师,深圳-福田区
6-8千/月,Android应用分析师（初级）,广州
1.2-1.8万/月,Android高级开发工程师,深圳-南山区
1-2万/年,手机APP（Android 或 IOS）工程师,上海-闵行区
1-2万/月,高级Android软件工程师,广州-越秀区
0.7-1.5万/月,Android开发工程师,上海-杨浦区
0.8-1.5万/月,Android开发工程师,深圳-福田区
1-1.5万/月,Android高级开发工程师（08）,上海-徐汇区
1.5-2万/月,Android开发工程师,上海-徐汇区
1.5-2万/月,Android高级客户端开发（IM方向）,广州-越秀区
1-1.5万/月,Android开发工程师,广州-天河区
0.6-1.2万/月,android开发工程师,北京
0.6-1.2万/月,初中级Android开发工程师,广州-越秀区
1.5-2万/月,高级Android开发工程师,广州-天河区
0.8-1.5万/月,Android开发工程师,上海-青浦区
1-1.5万/月,Android开发工程师,上海-徐汇区
0.8-1.2万/月,Android技术开发,深圳
1.6-2.5万/月,Android应用开发技术专家,深圳-南山区
0.7-1.5万/月,Android开发工程师,广州
1-1.3万/月,Android开发工程师 - APP,上海
0.8-1.5万/月,Android Development,北京
4-6千/月,初级程序员（Java、Android、WEB、PHP）,上海
0.8-1.2万/月,Android安卓开发工程师,广州-天河区
1-1.5万/月,Android开发工程师,广州-南沙区
1-1.5万/月,Android开发工程师,上海-浦东新区
2-2.5万/月,Android Framework开发工程师,北京-朝阳区
4.5-6千/月,android开发/安卓开发工程师(双休+奖金),深圳-福田区
1.5-2万/月,Android系统优化工程师,深圳
1-2万/月,Android软件工程师,上海-徐汇区
1-1.3万/月,安卓android工程师,上海
1-1.5万/月,Android工程师Android工程师,上海-普陀区
1.5-2.5万/月,Android开发工程师,深圳-南山区
1.5-3万/月,Android Graphic工程师,上海-浦东新区
2-3万/月,高级Android系统优化工程师,深圳
1.2-2万/月,Android驱动工程师,深圳
1-1.5万/月,Android开发工程师,上海-闵行区
0.7-1.6万/月,android开发工程师,北京-朝阳区
1.5-2.5万/月,Android安卓开发工程师-集团公司核心业务,上海
1-2万/月,Android系统工程师,深圳
1-2万/月,Android开发工程师,深圳
0.8-1.5万/月,Android开发工程师,广州-海珠区
1.5-2.8万/月,高级安卓工程师(Android),深圳-南山区
1-1.5万/月,Android开发工程师,深圳-龙岗区
1-1.5万/月,Android开发工程师,深圳
1-2万/月,Android高级开发工程师,上海-浦东新区
1.5-2万/月,Android高级开发工程师,上海
0.7-1.4万/月,Android系统应用开发工程师,广州-天河区
1-1.5万/月,Android工程师,深圳-龙岗区
1-2.5万/月,Android开发工程师,上海-黄浦区
0.9-1.5万/月,Android开发工程师,广州
1-1.5万/月,Android开发工程师,异地招聘
1-2万/月,Android高级开发工程师,北京-朝阳区
0.6-1.4万/月,Android工程师,上海-杨浦区
0.8-1.5万/月,Android开发工程师,北京
7-9千/月,Android开发工程师,上海-浦东新区
1.5-2万/月,Android高级开发工程师,广州-天河区
1-3万/月,Android视频系统工程师,北京-海淀区
4-8千/月,Android软件工程师,广州-白云区
1-1.5万/月,Android Wear Product Marketing Analyst,上海-浦东新区
5-8千/月,Android开发工程师,广州-番禺区
15-20万/年,Android开发工程师,上海-松江区
1-1.5万/月,Android游戏开发,广州-天河区
1-1.5万/月,Android开发工程师,上海-杨浦区
0.6-1.6万/月,Android开发工程师,上海-浦东新区
0.6-1万/月,Android开发工程师,广州-天河区
1-2万/月,Android应用开发工程师（区块链产品）,北京-海淀区
6-8千/月,Android开发工程师,深圳-南山区
1.5-2万/月,Android开发工程师,上海-静安区
1-1.5万/月,Android开发工程师,上海-浦东新区
1.5-2万/月,Android开发工程师,广州-天河区
0.5-1.5万/月,Android开发工程师,深圳-南山区
1-1.8万/月,Android开发工程师,深圳
1-1.5万/月,Android 开发工程师,上海
1-1.5万/月,Android工程师,上海
1-1.5万/月,Android开发工程师,上海-普陀区
4-8千/月,Android开发工程师,广州-荔湾区
1-1.5万/月,手机android和ios APP维护开发主管,上海
1.5-4万/月,Android高级开发工程师,广州-天河区
20-30万/年,Android前端开发岗,上海
40-55万/年,Android技术经理（北京知名上市公司）,北京-朝阳区
1.5-2万/月,Android开发工程师,深圳-南山区
7-9千/月,Android工程师  松江茸平路,上海-松江区
0.8-1.5万/月,Android开发工程师,上海
1.5-2万/月,Android开发工程师,上海-浦东新区
,Android程序开发（上海）,上海-长宁区
6-9千/月,Android开发工程师,上海-闵行区
0.6-1万/月,android开发工程师,上海-静安区
1-1.5万/月,Android开发工程师(急聘),上海-浦东新区
1-1.5万/月,Android开发工程师,上海
0.7-1.2万/月,Android开发大神,广州-天河区
1.5-3万/月,Android开发工程师,上海-浦东新区
1.5-2.5万/月,安卓/Android高级软件工程师,北京-大兴区
1.5-2万/月,Android高级开发工程师,上海-徐汇区
4-8千/月,初级Android 开发工程师,广州-番禺区
0.8-1.1万/月,Android开发工程师----OMG(腾讯视频),深圳-南山区
,Android 高级开发工程师,北京
1-1.5万/月,Android安全渗透工程师,北京
0.6-1万/月,Android开发工程师,上海-浦东新区
0.7-1.2万/月,安卓（Android）软件工程师,广州-天河区
0.8-1.5万/月,Android高级开发工程师,上海-虹口区
1.5-2万/月,Android开发工程师,广州-天河区
0.8-2.5万/月,Android开发工程师,上海
1.5-2万/月,资深Android工程师,上海
1.5-3万/月,Android高级开发工程师,广州-天河区
10-30万/年,Android AI应用开发工程师,上海-浦东新区
1-1.5万/月,Android开发工程师,上海-闵行区
0.6-1.2万/月,Android开发工程师,广州-海珠区
0.8-1万/月,Android开发工程师,广州-天河区
1.2-1.8万/月,Android程序员,深圳-龙华新区
1-1.8万/月,高级Android工程师,北京-朝阳区
0.4-1.2万/月,Android开发工程师,广州-天河区
0.8-1.5万/月,android 开发实习生,上海-普陀区
1-2万/月,Android开发工程师,上海-静安区
6-8千/月,Android ROM开发工程师,深圳-福田区
0.7-1.2万/月,Android开发工程师,广州-黄埔区
0.8-1万/月,Android中级工程师,北京
0.8-1.5万/月,Android开发工程师,广州
1.1-1.6万/月,软件工程师（Android),上海-浦东新区
1-1.6万/月,Android开发工程师,广州-番禺区
0.8-1万/月,android开发工程师,深圳-宝安区
1-1.5万/月,App开发工程师（Android/IOS）,广州-白云区
1.5-2.5万/月,Android开发工程师,北京-朝阳区
1-1.5万/月,Android开发工程师,广州-黄埔区
0.8-1.5万/月,资深Android前端开发工程师,上海-虹口区
0.7-1.2万/月,Android开发工程师,深圳-南山区
1.5-2.5万/月,Android Rom开发工程师（代招聘）,广州-番禺区
1-1.5万/月,Android 开发工程师,广州
1-1.5万/月,Android开发工程师,广州-天河区
0.8-1.5万/月,Android开发工程师,广州
1.5-2万/月,Android开发工程师,广州
0.8-1万/月,Android开发工程师,深圳
0.8-1.5万/月,Android开发工程师,上海-浦东新区
0.7-1万/月,Android工程师,广州
1-1.6万/月,Android开发工程师,广州
1-1.5万/月,Android开发工程师,上海-浦东新区
3-5千/月,Android逆向开发实习生,广州
1.2-1.6万/月,Android开发工程师,广州-黄埔区
0.8-1.6万/月,Android开发工程师,北京-朝阳区
0.8-1万/月,Android开发工程师,异地招聘
1-1.5万/月,Android开发工程师,广州-番禺区
0.6-1万/月,Android开发工程师,广州
1-2万/月,Android高级开发工程师(合肥),异地招聘
0.8-1.5万/月,創新中心 高級 Android App 开发工程师,上海-嘉定区
10-15万/年,Android App 工程师,上海-嘉定区
5-7千/月,Android开发工程师,深圳-宝安区
7-9千/月,Android开发工程师,广州-天河区
1-1.8万/月,Android开发工程师,北京-东城区
1-1.5万/月,Android开发工程师,深圳-南山区
0.8-1.2万/月,Android开发工程师,深圳-南山区
0.8-1.4万/月,Android 高级工程师,深圳-宝安区
1-1.5万/月,Android应用软件工程师,深圳-福田区
1-2.5万/月,Android开发工程师（互联网/汽车）,上海-闵行区
0.8-1.5万/月,Android开发工程师,广州-海珠区
0.8-2万/月,Android APP开发高级工程师,上海-静安区
1.2-2.5万/月,Android高级开发工程师,广州-天河区
1-1.5万/月,Android开发工程师,深圳-南山区
1-1.5万/月,Android开发工程师,上海
0.6-1.2万/月,Android开发工程师,广州-天河区
0.6-1.2万/月,Android & IOS双精开发工程师,广州-天河区
1.4-2.2万/月,高级Android开发工程师（短视频研发）,北京
18-30万/年,Android底层软件,深圳
0.7-1.2万/月,Android开发工程师,广州-天河区
1-1.5万/月,Android技术经理,深圳-罗湖区
2-3万/月,Android应用开发工程师,北京
0.7-1万/月,Android开发工程师,深圳-福田区
1-1.5万/月,android驱动软件工程师,深圳-宝安区
0.6-1.2万/月,Android开发工程师,广州-黄埔区
0.8-1.6万/月,Android开发工程师,广州-天河区
0.8-1.5万/月,Android开发工程师,广州-黄埔区
,Android Software Engineer,上海-浦东新区
1.5-2万/月,Android开发工程师,广州-天河区
1.2-1.8万/月,Android开发工程师,深圳-福田区
0.8-1万/月,android安卓工程师,上海-徐汇区
1.5-3万/月,高级Android开发工程师,上海-浦东新区
0.9-1.3万/月,Android开发工程师,广州
0.8-1万/月,Android开发工程师,广州-天河区
1-1.8万/月,Android底层开发工程师,深圳-南山区
0.9-1.8万/月,Android驱动工程师,深圳-龙岗区
0.8-1万/月,Android开发工程师,深圳
0.8-1万/月,Android开发设计工程师,北京-海淀区
0.8-1万/月,Android软件开发工程师,广州
10-16万/年,Android软件工程师-应用开发,深圳-南山区
0.8-1.2万/月,Android开发工程师,深圳-龙岗区
4.5-6千/月,Android开发工程师,异地招聘
0.8-1.4万/月,Android开发工程师,广州
0.6-1.6万/月,Android开发工程师,北京-海淀区
1-1.5万/月,Android（底层）研发工程师,上海-浦东新区
0.8-1.2万/月,Android开发工程师/安卓开发工程师,深圳-宝安区
1.5-3万/月,Android   IOS  高级开发工程师,深圳-龙华新区
1.5-2万/月,Android开发工程师,北京-朝阳区
0.5-1万/月,Android软件工程师,广州
1.5-2千/月,Android/Ios程序員,深圳
1-1.5万/月,Android系统工程师,深圳-宝安区
10-25万/年,Android应用软件开发工程师,深圳
1.2-1.6万/月,android驱动软件工程师,深圳-宝安区
1-1.5万/月,Android开发工程师,上海-嘉定区
1.5-2万/月,Android开发工程师,上海-静安区
1-1.5万/月,Android底层开发工程师,广州-天河区
1-1.6万/月,Android 逆向应用、逆向后插件开发工程师,深圳-南山区
0.8-1.5万/月,Android开发工程师,广州-天河区
2.5-3万/月,Android开发工程师,上海-浦东新区
0.5-1万/月,Android开发工程师,上海-闵行区
1-1.5万/月,软件开发工程师（基于Android的测试软件开发）,上海
2-3千/月,Android/IOS实习生,上海-徐汇区
1-1.5万/月,Android开发工程师,上海-闵行区
0.8-1.3万/月,Android开发工程师,上海-徐汇区
1-1.5万/月,Android软件开发工程师,上海
1-1.2万/月,Android开发工程师,上海
1-1.5万/月,Android驱动工程师,深圳-福田区
0.7-1.1万/月,Android开发工程师,广州-白云区
0.9-1.8万/月,Android开发工程师,上海
0.8-1.5万/月,Android开发工程师,深圳-龙华新区
1.5-2万/月,Android开发工程师,深圳-福田区
1-1.5万/月,Android开发工程师,上海
1.5-2万/月,Android开发工程师,上海-松江区
0.7-1.2万/月,Android驱动工程师,深圳-龙岗区
6-8千/月,Android开发工程师,广州-越秀区
0.8-1万/月,Android工程师,深圳-福田区
0.8-1.2万/月,Android 开发工程师（有经验的）,深圳-南山区
0.8-1.5万/月,Android开发工程师,上海-浦东新区
1.5-2万/月,Android开发工程师,上海-虹口区
0.8-1.5万/月,Android开发工程师,深圳-南山区
1-1.3万/月,Android开发工程师,广州-海珠区
1.5-2万/月,Android OS驱动开发工程师,异地招聘
1-1.5万/月,Android软件工程师,深圳-龙岗区
0.6-1.2万/月,android工程师,深圳
1-2万/月,Android驱动开发工程师（深圳）,深圳-福田区
2.5-3万/月,Android Framework Engineer,上海
,Android软件测试工程师,异地招聘
1-1.3万/月,Android开发工程师,深圳-福田区
0.8-1万/月,Android开发工程师,深圳-福田区
1.5-2.5万/月,Android高级开发工程师-L,上海-闵行区
1.5-2.5万/月,Android开发主管,上海-浦东新区
0.6-2万/月,Android 软件工程师,广州-黄埔区
1-2万/月,Android开发工程师,广州-天河区
1-1.5万/月,Android开发工程师（App）,上海-浦东新区
0.8-1.2万/月,Android开发工程师,广州
1-1.6万/月,Android App移动应用软件开发工程师,深圳-南山区
1.5-2万/月,Android高级开发工程师,上海-浦东新区
0.7-1.2万/月,Android 系统工程师,深圳-宝安区
1-2万/月,Android高级开发工程师,上海-黄浦区
2-4万/月,Android工程师-顺风车(J170609015),北京
1.5-2.5万/月,Android/Linux软件驱动工程师（BSP/Uboot）J10921,上海-浦东新区
0.7-1.1万/月,Android开发工程师,北京-大兴区
,Android Developer ID20169,上海
10-15万/年,android工程师,北京-海淀区
1-1.5万/月,Android开发工程师,北京-石景山区
1.2-2.2万/月,高级Android开发工程师,上海-静安区
3-4.5千/月,金融/烟草项目+Android/java软件开发学徒,上海
1-1.5万/月,Android 开发工程师,北京
2.5-3.5万/月,高级Android开发工程师,北京-朝阳区
1.5-2.5万/月,Android app开发工程师,深圳-福田区
0.8-1.5万/月,Android App 开发工程师,上海-静安区
0.8-1.5万/月,Android开发工程师,深圳-龙岗区
1-1.5万/月,Android开发工程师,上海-徐汇区
3-4.5千/月,Android安卓开发实习,广州
5-8千/月,Android开发（双休+地铁旁）,广州-白云区
1-1.5万/月,Android开发工程师,上海-浦东新区
1.5-2.5万/月,Android开发工程师,上海
0.8-1.5万/月,高级Android开发工程师,北京-通州区
1-1.5万/月,Android智能系统测试工程师,上海-虹口区
10-15万/年,高薪急聘Mobile  App工程师：iOS / Android Developer,广州
2-2.5万/月,高级Android开发工程师,北京
0.8-1.5万/月,Android开发工程师,广州-越秀区
0.8-1.5万/月,Android开发工程师-DZ,深圳-罗湖区
1.5-2.2万/月,Android/ios开发工程师,深圳-南山区
0.7-1.5万/月,Android开发工程师,广州-天河区
30-50万/年,Senior/Staff Android Telephony Software Engineer,北京-海淀区
1-1.5万/月,Android开发工程师,广州-天河区
2-3万/月,Android高级开发工程师-00030,北京-朝阳区
0.8-1.6万/月,Android开发工程师,深圳-龙华新区
0.8-1万/月,Android开发工程师,北京-朝阳区
2-2.5万/月,Android开发工程师,北京-昌平区
1.5-2.5万/月,Android高级开发工程师,广州-天河区
1-1.5万/月,Android开发工程师,深圳-福田区
30-40万/年,移动应用讲师：Android，iOS,异地招聘
3-4万/月,Android架构师,深圳-南山区
1.5-2.5万/月,Android开发工程师(高级),广州
3-4万/月,高级Android开发工程师,深圳-南山区
1.2-1.5万/月,Android开发工程师,深圳-南山区
0.8-1.5万/月,Android 开发工程师,广州-天河区
1.5-2万/月,Android开发工程师,深圳-南山区
0.6-1.2万/月,Android开发工程师（FT）,深圳
0.9-1.5万/月,Android/安卓开发工程师,上海-徐汇区
1-1.5万/月,Android高级开发工程师,深圳-福田区
0.8-1万/月,Android自动化测试,深圳-福田区
0.9-1.2万/月,Android开发工程师,广州-海珠区
1-1.5万/月,Android开发工程师,上海-浦东新区
10-15万/年,Android开发工程师,上海-徐汇区
20-30万/年,android驱动工程师/linux驱动工程师（智能手机）,上海-徐汇区
6-8千/月,Android开发工程师,深圳-龙华新区
0.6-1.5万/月,IOS&Android开发,上海-浦东新区
6-8千/月,android开发工程师,深圳-南山区
0.8-1.2万/月,Android开发工程师,深圳-龙华新区
0.6-1万/月,Android开发工程师/安卓软件工程师(周末双休),深圳-南山区
1-1.5万/月,cocos2d-x ios/android sdk工程师(by),上海-徐汇区
1-1.7万/月,Android开发工程师,北京-朝阳区
1-1.5万/月,Android开发工程师,深圳
0.5-1万/月,Android开发架构师,广州-番禺区
1-2万/月,Android开发工程师,深圳-龙华新区
0.8-1.5万/月,Android开发工程师,深圳-福田区
1.5-2.5万/月,Android开发工程师（中高级）,深圳-龙岗区
15-20万/年,Android开发工程师,上海-闵行区
0.8-1万/月,ST60-FAE应用工程师(android),深圳-南山区
2-2.5万/月,高级Android应用工程师,深圳
1-4万/月,Android应用高级工程师,北京-朝阳区
0.6-1万/月,Android开发工程师,异地招聘
1.2-3万/月,Android开发工程师,深圳-龙岗区
3-5.5千/月,Android开发储备工程师/储备干部,深圳-龙华新区
4.5-6千/月,Android工程师,广州-天河区
4-8千/月,Android开发工程师,深圳-龙岗区
0.8-1万/月,Android开发工程师,广州
1.5-2万/月,高级Android开发工程师,深圳-福田区
1-1.5万/月,Android Framework,上海-浦东新区
1.8-2.5万/月,高级Android系统工程师,深圳-南山区
1.2-1.5万/月,Android 开发工程师,北京-昌平区
0.8-1万/月,前端应用开发工程师（Android）,上海-长宁区
0.9-1.2万/月,Android驱动开发工程师,北京-海淀区
1-1.5万/月,Android系统开发工程师,深圳-南山区
1-2万/月,游戏开发工程师（Android）,深圳
1.6-2万/月,Android开发工程师,上海-浦东新区
0.6-1万/月,Android开发工程师,上海-宝山区
1-1.5万/月,Android开发工程师,深圳-南山区
0.8-1万/月,Android开发工程师,上海
1.8-2.6万/月,Android高级开发工程师,广州-天河区
1-1.5万/月,Android开发工程师,深圳
0.8-1万/月,Android开发工程师—移互创新部,广州
1-1.6万/月,Android 应用开发工程师,广州-番禺区
0.8-1万/月,Android 研发工程师,深圳
0.8-1.5万/月,Android开发工程师,深圳-宝安区
1.3-2.5万/月,android 开发工程师,北京-昌平区
0.8-1.5万/月,Android开发工程师,深圳-南山区
1.2-2.5万/月,Android开发工程师,上海-浦东新区
0.6-1万/月,安卓/Android工程师,深圳-南山区
1-2万/月,Android 车载软件工程师,上海
1.5-2万/月,android研发工程师,上海-徐汇区
1-1.5万/月,Android开发工程师,北京-海淀区
1.2-1.5万/月,Android开发工程师,上海-长宁区
0.6-1万/月,Android开发工程师,广州-天河区
1.2-1.6万/月,Android开发工程师,上海
1.5-3万/月,Android开发工程师,北京-朝阳区
1.5-2.5万/月,Android高级开发工程师,深圳-福田区
0.7-1.2万/月,Android开发工程师,广州-天河区
0.8-1万/月,Android开发工程师,深圳
0.7-1.5万/月,Android高级开发工程师,广州-番禺区
0.8-1.5万/月,APP技术工程师(android 、ios),北京-大兴区
0.7-1.2万/月,中级Android工程师,北京-西城区
1-1.5万/月,IOS/Android开发岗,上海-浦东新区
0.8-1.6万/月,Android开发工程师,深圳-南山区
0.6-1.2万/月,Android开发工程师,北京-朝阳区
1.5-2万/月,Android开发,北京-海淀区
1-2万/月,Android软件开发工程师,上海-闵行区
1-1.5万/月,Android开发工程师,上海-普陀区
2-2.5万/月,Android系统架构师,上海-黄浦区
1.5-2万/月,Android高级开发工程师,深圳-南山区
0.8-1.2万/月,Android开发工程师,广州-海珠区
1.5-2万/月,Android开发工程师,北京-朝阳区
1-2万/月,Android开发工程师,广州-天河区
1.8-2.5万/月,Android开发工程师,上海-长宁区
1-1.5万/月,Android开发工程师,上海-虹口区
0.8-1.2万/月,安卓Android开发工程师（CBD地铁口+双休）,广州-天河区
0.6-1.2万/月,Android APP工程师,上海-闵行区
2.5-3万/月,Android 应用开发工程师,深圳-福田区
1-2.5万/月,Android开发工程师,上海
0.9-1.8万/月,Android开发工程师,上海-静安区
1-1.5万/月,Android高级开发工程师,上海-长宁区
1-1.5万/月,Android开发工程师/安卓开发工程师,北京
5-6千/月,Android开发工程师,上海-浦东新区
0.8-1万/月,APP开发工程师(Android）,上海-浦东新区
0.7-1.2万/月,Android开发工程师,北京-朝阳区
1.5-2万/月,android/ios开发,上海-浦东新区
1-2万/月,Android开发工程师,北京-海淀区
0.8-1万/月,Android开发工程师,北京-海淀区
0.6-1.2万/月,Android开发工程师,深圳
1.5-2万/月,Android开发工程师,上海-闵行区
1.8-2.5万/月,资深Android工程师,上海-徐汇区
1-1.5万/月,Android开发工程师,广州-天河区
,Android开发工程师,上海
0.8-1.5万/月,Android开发工程师/Android软件工程师,广州-天河区
0.7-1.2万/月,Android开发工程师,广州-天河区
0.8-1.2万/月,Android开发工程师,深圳-南山区
0.6-1.2万/月,Android工程师,北京
1.5-2万/月,Android中/高级开发工程师,上海
0.7-1.2万/月,Android开发工程师,广州-天河区
1.5-2万/月,Android开发工程师,广州
1-2.5万/月,Android高级开发工程师,上海-浦东新区
1-1.5万/月,Android开发工程师,上海
1-1.5万/月,android开发工程师,广州
1.5-2万/月,Android高级开发工程师,上海-宝山区
0.8-1万/月,SD技术工程师/Android开发工程师,广州-天河区
0.8-1.5万/月,Android安卓开发工程师,广州-天河区
1.4-2.2万/月,Android开发工程师,上海-浦东新区
1.2-1.5万/月,Android开发工程师（海外）,异地招聘
0.7-1.2万/月,Android开发工程师,广州
0.7-1.1万/月,Android开发工程师,北京-丰台区
0.5-1.2万/月,Android开发工程师,广州-天河区
1.5-2万/月,Android开发工程师,深圳-龙岗区
1.5-2万/月,安卓Android/IOS软件开发工程师,深圳
0.8-1.5万/月,Android开发工程师,深圳-罗湖区
0.8-1.2万/月,Android开发工程师,广州-天河区
1-1.5万/月,Android开发工程师,上海-徐汇区
1.5-2万/月,Android高级研发工程师,深圳-龙华新区
1.5-2.5万/月,Senior Android Developer,上海-徐汇区
0.8-1万/月,Android软件工程师 /安卓软件工程师,上海-徐汇区
1.2-2万/月,Android系统工程师,深圳
1-1.5万/月,Android高级开发工程师,广州-天河区
1-1.5万/月,Android开发工程师,上海-徐汇区
1-2万/月,Android开发工程师,深圳-南山区
1.5-3万/月,Android高级开发工程师(328),上海
0.9-1.8万/月,Android驱动工程师,上海-徐汇区
1.5-2万/月,Android开发工程师,上海-静安区
1-1.5万/月,android开发工程师（偏底层）,广州-天河区
1.3-2.6万/月,O2O-Android开发,上海
1-1.6万/月,Android高级开发工程师,深圳-罗湖区
1-2万/月,Android framework开发工程师,上海
1-1.5万/月,Android开发工程师,深圳
3-5千/月,初级Android研发工程师/包住,深圳-南山区
0.9-1.5万/月,Android开发工程师,深圳-福田区
1-1.5万/月,Android开发工程师,上海-长宁区
0.8-1.2万/月,高级安卓Android开发工程师,深圳-南山区
6-8千/月,Android开发工程师,深圳-龙岗区
1-2万/月,Android开发工程师,深圳-南山区
1.5-2万/月,Android 开发工程师,深圳-南山区
1-1.5万/月,Android开发工程师,深圳-南山区
0.9-1.5万/月,Android开发工程师,上海-闵行区
0.8-1.2万/月,Android开发工程师,广州-天河区
0.8-1万/月,Android软件开发工程师,广州-白云区
0.8-1.5万/月,Android SDK开发工程师,广州-天河区
1.5-2万/月,Android开发工程师,深圳-龙岗区
0.8-1.2万/月,Android开发工程师,广州-海珠区
1-2万/月,Android开发工程师,深圳-福田区
1.2-1.8万/月,Android开发工程师,上海
15-20万/年,Android高级开发工程师,上海-静安区
0.8-1万/月,Android/安卓开发工程师,上海-浦东新区
0.6-1万/月,Android开发工程师,广州
0.6-1万/月,Android开发工程师,广州-天河区
0.8-1.5万/月,Android开发工程师,上海-浦东新区
,移动应用软件开发工程师（Android、IOS）,北京
0.7-1.4万/月,Android开发工程师,上海-长宁区
1-5万/月,Android开发工程师,广州-天河区
1-1.5万/月,Android开发工程师,上海-长宁区
0.9-1.3万/月,Android系统工程师（急招）,深圳-宝安区
0.8-1.1万/月,Android开发工程师,上海
3-5千/月,Android开发实习生（面向2019届毕业生）,深圳-南山区
1.2-1.7万/月,Android开发工程师,深圳-福田区
1-1.5万/月,Android开发工程师,广州
0.7-1.2万/月,Android开发工程师,广州-海珠区
0.8-2万/月,Android开发工程师,广州-海珠区
1.2-2.2万/月,Android开发工程师,深圳-南山区
1.2-2万/月,android音频开发工程师,深圳-宝安区
0.8-1.2万/月,Android开发工程师,广州-天河区
1-1.5万/月,Android开发工程师,深圳-南山区
0.8-1.3万/月,Android开发工程师,深圳-福田区
12-24万/年,Android系统开发工程师,广州-天河区
3-5千/月,Android开发工程师（应届）,广州-天河区
1-1.5万/月,Android高级,上海-长宁区
1.5-2万/月,Android开发工程师,深圳-宝安区
,Android开发工程师,上海
1.5-2.5万/月,Android开发工程师,上海-静安区
1-1.8万/月,高级Android开发工程师,北京-海淀区
1.5-3万/月,Android开发工程师,北京-朝阳区
0.8-1.2万/月,Android开发工程师,广州-天河区
1-2万/月,Android开发工程师,上海-徐汇区
0.8-1.2万/月,Android应用软件开发工程师,深圳-福田区
1.5-2万/月,Android驱动工程师,深圳-南山区
1.3-1.5万/月,Android硬件工程师,上海-杨浦区
1-1.5万/月,Android移动开发工程师,北京-海淀区
0.9-1.6万/月,Android开发工程师,深圳-南山区
1-1.5万/月,Android开发工程师,上海-静安区
2-2.5万/月,android安卓工程师,上海-徐汇区
0.8-1.5万/月,Android开发工程师,深圳-南山区
0.8-1.2万/月,Android开发工程师,广州-海珠区
1.5-2万/月,Android高级开发工程师,上海
0.8-1.3万/月,Android游戏SDK工程师,广州
1.5-2万/月,Android Framework开发工程师,上海-浦东新区
1-1.5万/月,Android开发工程师,深圳
1-1.5万/月,Android开发工程师,上海-黄浦区
1-1.5万/月,安卓Android开发工程师,深圳-南山区
1.3-2万/月,Android开发工程师（移卓）,深圳-福田区
1-2万/月,Android开发工程师,北京-昌平区
1-1.4万/月,Android开发（中级）,广州-天河区
1.5-3万/月,Android Development Lead,上海-徐汇区
1.5-2万/月,Android开发工程师,北京-海淀区
6-9千/月,android开发工程师,广州-越秀区
1.2-1.8万/月,Android高级开发工程师,广州
0.8-1.5万/月,Android开发工程师,深圳-龙华新区
0.6-1.2万/月,android工程师,广州
0.7-1.4万/月,Android开发工程师,上海-浦东新区
1.5-2.5万/月,Android系统工程师-北京,北京-朝阳区
1-1.8万/月,高级Android移动开发工程师,上海-浦东新区
8-10万/年,Android开发工程师,上海-宝山区
0.7-1.2万/月,Android工程师（研发中心：APP）,广州-黄埔区
0.8-1.5万/月,Android安卓应用开发工程师,上海-虹口区
1-2万/月,高级Android开发工程师,深圳-南山区
0.8-1.5万/月,android开发工程师,上海-闵行区
15-20万/年,Android工程师,深圳-南山区
1-1.5万/月,Android系统开发工程师,深圳-南山区
0.8-1万/月,Android开发工程师,广州
0.6-1.2万/月,Android软件工程师（沈阳地区）,异地招聘
0.8-1万/月,Android开发工程师,广州-天河区
3-4万/月,軟件開發工程師 (iOS/Android),异地招聘
1.5-2万/月,Android开发工程师,深圳-南山区
0.8-1.6万/月,Android开发工程师,广州-黄埔区
1-1.5万/月,Android工程师,北京-昌平区
1-1.8万/月,Android中级软件工程师,北京-丰台区
20-30万/年,Android工程师-深圳-00797,深圳-南山区
1.5-2.5万/月,Android开发工程师（逆向开发）,广州-天河区
0.6-1.2万/月,android开发人员,广州
1.2-1.6万/月,H5/Android 开发工程师,广州-天河区
0.6-1万/月,Android工程师,上海-浦东新区
1-2万/月,android系统开发工程师（中间件）,深圳-宝安区
0.6-1万/月,Android助理工程师,深圳
1.5-2万/月,Android开发工程师,上海-静安区
0.7-2万/月,Android工程师,广州-番禺区
0.8-1.8万/月,Android开发软件工程师,上海-浦东新区
6-8千/月,Android开发工程师,上海-浦东新区
1-1.5万/月,Android开发工程师,上海-徐汇区
1.5-3万/月,Android开发工程师,广州-海珠区
0.6-1.2万/月,Android Framework工程师,深圳-南山区
0.6-1万/月,Android开发工程师,广州-番禺区
1.8-2.5万/月,Android开发工程师,北京-朝阳区
1.8-2.5万/月,Android高级开发工程师,北京-朝阳区
0.8-1.2万/月,Android软件工程师,深圳
1-1.5万/月,Android 工程师,深圳-南山区
1-1.5万/月,Android开发工程师,北京-朝阳区
1.5-3万/月,Android开发工程师,深圳
0.8-1万/月,Android开发工程师,广州-番禺区
1.4-2万/月,Android开发工程师,上海-浦东新区
1.2-1.8万/月,Android高级开发工程师,广州-荔湾区
1-1.5万/月,Android 开发工程师,北京-大兴区
1-1.5万/月,Android开发工程师,深圳-南山区
1-1.5万/月,Android开发工程师,深圳-福田区
1.5-2万/月,高级安卓Android开发工程师,上海-普陀区
1-1.5万/月,Android开发工程师,上海
0.6-1.2万/月,Android驱动工程师,广州-黄埔区
1.3-2.5万/月,高级Android手机应用软件工程师,深圳-南山区
1-1.5万/月,Android开发工程师,北京-海淀区
1.5-2.5万/月,Android开发工程师,深圳-宝安区
1.3-1.8万/月,Android开发工程师,深圳-南山区
1.5-2万/月,android开发高级工程师/安卓开发高级工程师,上海-徐汇区
1.5-3万/月,Android开发工程师,深圳-罗湖区
0.8-1.6万/月,Android,深圳-南山区
1-2万/月,Android移动开发工程师,北京-西城区
0.8-1.2万/月,Android开发工程师,广州-番禺区
1-2万/月,Android开发工程师,上海-闵行区
1-1.5万/月,[区块链]Android开发工程师（sdk方向）,广州-天河区
1.5-2万/月,Android开发工程师,上海-静安区
15-20万/年,Android高级开发工程师,北京-东城区
0.7-1万/月,Android开发工程师,深圳
0.8-1.6万/月,Android开发工程师,深圳-龙岗区
1.5-2万/月,android开发工程师（外派）,深圳-南山区
1-1.5万/月,Android开发工程师,上海-浦东新区
1-2万/月,Android高级开发工程师,上海-徐汇区
1-1.5万/月,Android开发工程师,上海-浦东新区
1.5-2万/月,Android开发工程师,上海-浦东新区
1-2万/月,客户端开发工程师(IOS和Android),上海-徐汇区
1.2-2万/月,Android开发工程师,深圳-龙华新区
0.7-1.2万/月,Android开发工程师,深圳-南山区
1-1.5万/月,Android应用开发工程师,上海-普陀区
1.5-2万/月,Android开发工程师,北京-丰台区
0.8-1.2万/月,Android高级开发工程师,北京
1-1.5万/月,iOS/Android APP开发工程师,异地招聘
1-1.5万/月,Android开发工程师,北京-丰台区
0.6-1.2万/月,Android开发工程师,深圳-南山区
0.8-1.2万/月,Android开发工程师（上海）,上海
0.4-2万/月,安卓 Android 开发工程师,上海
,Android软件开发工程师,上海-闵行区
1-1.5万/月,Android开发工程师,上海-松江区
1-2万/月,Android开发工程师,深圳-南山区
10-15万/年,Android开发工程师（周末双休，高薪诚聘）,广州-海珠区
0.6-1.2万/月,Android软件工程师,广州-番禺区
0.8-1万/月,Android原生开发工程师,广州-天河区
0.5-1万/月,Android应用开发工程师,深圳-宝安区
0.8-1.5万/月,Android开发工程师,上海-浦东新区
0.7-1.2万/月,Android工程师,深圳-南山区
0.4-1万/月,Android 开发工程师,上海-静安区
0.8-1万/月,Android开发工程师,深圳-南山区
1-1.5万/月,Android研发工程师,北京-海淀区
6-8千/月,Android开发工程师,深圳-南山区
1.5-2万/月,高级Android开发工程师,深圳-罗湖区
0.8-1万/月,Android开发工程师,上海-徐汇区
6.5-9.1千/月,手机游戏平台Android/iOS开发助理（包住）,上海-虹口区
2-2.5万/月,资深/高级Android开发工程师,上海-普陀区
6-9千/月,Android开发工程师,上海-松江区
1-1.3万/月,Android开发工程师,深圳-福田区
1.5-2万/月,Android开发工程师,广州-黄埔区
1.5-2.5万/月,Android高级开发工程师,深圳-福田区
6-8千/月,Android开发工程师,深圳-南山区
0.6-1.1万/月,Android开发工程师,广州-天河区
0.8-1万/月,Android/IOS前端开发,广州
0.7-1万/月,Android软件开发工程师,深圳
0.8-1.2万/月,Android软件测试工程师,深圳
0.8-1.5万/月,Android软件工程师,北京-西城区
0.6-1万/月,Android开发工程师,广州
1.5-2万/月,Android开发工程师,深圳-南山区
0.8-2万/月,android开发工程师,上海-长宁区
1-1.5万/月,Android开发工程师,北京-东城区
1-2万/月,Android开发工程师,深圳
0.8-1万/月,Android开发工程师,上海-虹口区
4-5千/月,Android开发工程师,异地招聘
1.5-2万/月,Android开发工程师,上海-长宁区
0.8-1.2万/月,android开发工程师,广州-番禺区
0.8-1.2万/月,Android工程师,深圳-龙华新区
7-12万/年,Android 程序员,广州-天河区
0.8-1万/月,安卓 Android开发工程师,深圳
1.5-2万/月,Android开发工程师,深圳
0.8-1.5万/月,Android开发工程师,广州
0.8-1.2万/月,Android软件工程师,深圳-南山区
0.8-1.2万/月,Android开发工程师,上海-徐汇区
0.8-1.5万/月,Android开发工程师,北京-西城区
1-1.5万/月,Android开发工程师,上海-浦东新区
1.5-3万/月,Android,上海
1-2万/月,Android开发工程师,上海-浦东新区
1-2万/月,Android开发工程师,上海-浦东新区
0.6-1.2万/月,Android开发工程师,深圳-龙岗区
1.5-3万/月,android高级开发工程师,深圳
0.6-1万/月,IOS/Android程序工程师,广州-天河区
0.7-1.2万/月,Android开发工程师,广州-天河区
0.8-1万/月,Android开发工程师,广州-越秀区
1.2-1.8万/月,Android开发工程师,上海-浦东新区
0.8-1.5万/月,Android内核驱动工程师,北京
3-4.5千/月,Android开发助理,深圳-龙华新区
1-2万/月,Android开发工程师,广州-天河区
0.7-1万/月,日企IOS/ Android开发工程师(编号97874),上海
1-1.5万/月,Android 开发工程师,上海-嘉定区
0.6-1.2万/月,android app开发,广州-天河区
1.3-1.6万/月,Android开发工程师,深圳-南山区
1.2-2万/月,Android架构师,广州-海珠区
1.5-2万/月,Android高级开发工程师,深圳-福田区
1.5-2万/月,Android开发工程师,深圳-南山区
0.9-1.5万/月,Android开发工程师,深圳-宝安区
0.6-1.5万/月,Android开发工程师,上海-闵行区
1-1.6万/月,android工程师,北京-朝阳区
1.5-2.5万/月,Android系统工程师,上海-徐汇区
1.2-1.5万/月,Android开发工程师,深圳
0.8-1万/月,Android开发工程师（海词人才培养计划）,上海-浦东新区
1.5-2万/月,Android开发工程师,上海-闵行区
0.8-1万/月,手机软件开发工程师ios/android,上海-黄浦区
1.5-2万/月,Android开发工程师,深圳-南山区
0.8-1.2万/月,Android软件工程师,上海-浦东新区
12-14万/年,Android开发工程师,深圳-南山区
1-1.5万/月,Android开发工程师,北京-海淀区
1-1.5万/月,Android 开发工程师,深圳-龙岗区
1.5-2万/月,软件工程师-Android,深圳-南山区
0.8-1.2万/月,APP开发工程师（Android/IOS）,上海
1.2-1.8万/月,Android驱动工程师,深圳-龙华新区
1.2-2.4万/月,Android工程师,上海-徐汇区
5-9千/月,Android开发工程师,广州-海珠区
0.8-1.5万/月,Android开发工程师,北京
1.5-2万/月,中高级Android 系统开发工程师,上海-青浦区
1-2万/月,Android组长,广州
6-8千/月,Android开发工程师,广州-天河区
0.8-1.2万/月,Android开发工程师（中/高级）,广州-天河区
0.8-1.5万/月,Android高级软件工程师,上海-浦东新区
1.5-3万/月,Android开发工程师,北京-朝阳区
1.5-2万/月,Android高级开发工程师,上海-闵行区
1.5-2.5万/月,Android开发工程师,上海-静安区
1-1.4万/月,Android高级开发工程师,异地招聘
0.8-1.5万/月,Android开发工程师/安卓开发工程师（双休）,广州-白云区
1-1.8万/月,Android开发工程师,深圳-南山区
0.8-1.2万/月,Android中级开发工程师,广州
0.7-1.2万/月,Android开发工程师,广州-天河区
1-1.5万/月,Android开发工程师.智能家居产品,深圳-南山区
1-1.5万/月,sdk开发工程师 (ios/android  ),上海-普陀区
0.7-1.2万/月,Android工程师(SDK),广州-天河区
0.7-1.4万/月,Android开发工程师,深圳-南山区
0.8-1万/月,Android工程师,北京
1-2万/月,Android开发工程师,上海-浦东新区
1.5-2.5万/月,高级Android开发工程师,深圳-南山区
0.5-1万/月,Android开发工程师,广州-天河区
0.6-1.2万/月,Android开发工程师,广州-番禺区
1-1.8万/月,Android高级开发工程师,上海
1-1.5万/月,Android 开发工程师,深圳-南山区
1.5-2万/月,Android开发工程师,北京-朝阳区
4.5-6千/月,Android开发工程师,广州-黄埔区
1-2万/月,Android开发工程师,广州
1-1.5万/月,android高级工程师,广州-天河区
3-4千/月,Android开发工程师,深圳-福田区
2-2.5万/月,Android开发工程师,北京-朝阳区
1-1.5万/月,Android开发工程师,上海
0.6-1.2万/月,Android开发工程师,广州-天河区
1-1.6万/月,Android开发工程师,深圳-南山区
1-1.5万/月,Android开发工程师,广州-天河区
0.8-1.6万/月,高级前端工程师（iOS+Android）,上海-浦东新区
1.5-2万/月,高级Android开发工程师,北京-海淀区
1-1.5万/月,Android开发工程师,深圳-南山区
1.5-3万/月,Android开发工程师,上海
1.2-1.5万/月,Android开发工程师,上海-徐汇区
1-1.5万/月,Android开发工程师,北京
0.8-1.2万/月,Android开发工程师,广州-白云区
1-2万/月,Android 音频系统软件工程师,上海-浦东新区
1-1.5万/月,Android开发工程师,上海-静安区
1.5-2.5万/月,Android系统工程师,深圳-龙华新区
,Android工程师,上海-黄浦区
1.5-2万/月,Android高级开发工程师,上海
1-1.5万/月,Android应用工程师,深圳-南山区
1.5-2万/月,Android开发工程师,广州-番禺区
0.7-1.2万/月,Android开发工程师,深圳-南山区
2-3.5万/月,高级Android开发工程师 （研发技术经理）,北京-朝阳区
0.8-1.5万/月,Android开发工程师,深圳-南山区
1-1.5万/月,Android开发工程师,深圳-宝安区
1.5-2万/月,Android客户端工程师Android engineers（上海）,上海-静安区
1-1.5万/月,软件工程师（android）,深圳-南山区
0.8-1.5万/月,Android研发工程师,广州-天河区
1-1.5万/月,Android系统开发工程师,深圳-南山区
1-2.5万/月,Android开发工程师,异地招聘
0.8-1.5万/月,Android开发工程师,深圳-南山区
1-1.5万/月,Android 开发工程师,北京-朝阳区
0.8-1.2万/月,Android开发工程师,广州-天河区
0.8-1万/月,Android开发工程师,广州-天河区
1-1.5万/月,Android开发工程师,上海
0.8-2万/月,全球领先信息技术Software Engineer-Android,上海
1.2-1.6万/月,Android工程师,上海-徐汇区
1-1.5万/月,Android开发工程师,上海-虹口区
0.8-1.5万/月,Android开发工程师,广州-天河区
1-1.5万/月,Android中级开发工程师,深圳-南山区
1-1.5万/月,Android开发工程师,北京
0.8-1.5万/月,软件工程师（Android方向）,深圳-龙华新区
1-2万/月,Android应用开发工程师,深圳-南山区
0.8-1万/月,Android开发工程师,北京
0.5-1万/月,Android开发工程师,广州-天河区
1.5-3万/月,Android高级开发工程师,北京-朝阳区
1.3-1.8万/月,Android开发工程师,深圳-南山区
1-1.5万/月,Android开发工程师,广州-天河区
1.6-2万/月,Android工程师,深圳-南山区
6-8千/月,手机软件研发（android/ios端）,上海-黄浦区
0.6-1万/月,Android开发工程师,广州-天河区
0.7-1.2万/月,Android开发工程师,广州-番禺区
1-1.5万/月,Android移动端开发专员,上海-静安区
0.8-1.6万/月,Android开发工程师,北京-丰台区
2-2.5万/月,Android高级开发,上海-浦东新区
1-2.5万/月,Android开发工程师,上海-浦东新区
0.8-1万/月,Android开发工程师,广州
1-1.5万/月,Android开发工程师,上海-徐汇区
1-1.5万/月,Android高级开发,上海-浦东新区
2.5-3万/月,Android开发工程师,深圳-南山区
1-1.5万/月,安卓/Android开发工程师,广州-天河区
1.5-2万/月,高级android开发工程师,广州-天河区
4-6千/月,Android开发工程师,广州
0.8-1.2万/月,Android开发工程师,深圳
1.2-2万/月,Android应用开发工程师,深圳-南山区
1.5-2万/月,高级android工程师,深圳-南山区
1.5-2万/月,手机Android软件工程师,深圳
1.3-2万/月,Android开发工程师,深圳-福田区
1-1.5万/月,Android开发工程师,上海-静安区
1-1.5万/月,Android开发工程师,上海-杨浦区
1-1.5万/月,Android系统开发工程师,广州-天河区
1-2万/月,Android Framework工程师(J11238),上海-徐汇区
0.8-1.8万/月,Android开发工程师,北京-朝阳区
1-2万/月,Android开发工程师,上海
1.2-2万/月,安卓开发工程师（Android）,上海-徐汇区
1.5-2万/月,Android开发工程师,上海-闵行区
0.5-1万/月,Android开发工程师,上海-徐汇区
0.8-1万/月,Android开发工程师,深圳-南山区
0.9-1.4万/月,Android开发工程师（昌平）,北京-昌平区
1.5-2万/月,Android开发工程师（Blue Tooth）,上海-徐汇区
20-30万/年,央企金融投资公司 IOS/Android 开发工程师,上海
1.5-2万/月,Android开发工程师,深圳-宝安区
6-8千/月,Android开发工程师,广州-天河区
0.5-1.2万/月,Android工程师,深圳-南山区
0.8-1万/月,Android开发工程师,北京
1.2-2万/月,Android开发工程师,上海-浦东新区
1-2万/月,Android开发工程师,深圳-福田区
1-1.5万/月,Android开发工程师,深圳-南山区
1-1.5万/月,Android开发工程师/安卓开发工程师,深圳-南山区
1-1.2万/月,Android开发工程师,广州-海珠区
2-2.5万/月,Android开发工程师,北京-朝阳区
1.2-1.8万/月,Android软件工程师（高级/资深）,上海-长宁区
1.5-2.5万/月,Android驱动开发工程师,深圳-南山区
0.8-1.5万/月,Android开发工程师,深圳-宝安区
1-2万/月,Android/IOS APP 软件开发工程师,上海-徐汇区
0.8-1.2万/月,Android 软件工程师（RD116）,上海-浦东新区
1-1.5万/月,Android开发工程师,上海-浦东新区
0.7-1.3万/月,Android开发工程师,上海-静安区
0.8-1.5万/月,Android安卓开发,上海-徐汇区
1-2万/月,Android高级开发工程师,上海-长宁区
1-1.5万/月,Android 软件工程师,深圳-福田区
1.3-2.5万/月,Android逆向工程师,深圳
0.7-1.5万/月,Android工程师,广州-黄埔区
0.8-1.5万/月,Android开发工程师,广州-海珠区
1.5-2万/月,Android开发工程师,深圳-福田区
1.5-2万/月,Android开发工程师,深圳-南山区
1.4-2.6万/月,Android开发工程师,北京-海淀区
1.5-2万/月,android高级工程师（亿程研究院）,广州-天河区
1.5-3万/月,高级Android开发工程师,上海-浦东新区
0.8-1.2万/月,Android开发工程师,深圳
0.8-1万/月,Android系统工程师,广州-番禺区
1.3-2万/月,Android 开发工程师,上海-闵行区
2-2.2万/月,Android高级开发工程师,深圳-南山区
1-1.5万/月,Android开发工程师,深圳-南山区
1.2-1.7万/月,Android开发工程师,北京-西城区
1-1.3万/月,Android开发工程师,上海-闵行区
0.6-1万/月,Android开发工程师,上海-徐汇区
0.8-1.2万/月,Android研发工程师,广州-越秀区
1-2万/月,Android工程师,深圳-南山区
0.8-1.5万/月,Android开发工程师,上海
0.8-1.2万/月,Android应用开发工程师,深圳-宝安区
0.7-1.8万/月,Android开发工程师,上海
4-8千/月,Android开发工程师(实习生),深圳
7-9千/月,Android开发工程师,深圳-龙岗区
0.8-1.3万/月,安卓Android开发工程师,广州-天河区
1-1.5万/月,Android开发工程师,深圳-龙华新区
1-1.5万/月,Android高级开发工程师,广州-海珠区
6-8千/月,Android开发工程师,上海-杨浦区
1-1.5万/月,Android开发工程师,上海-宝山区
0.8-1万/月,Android开发工程师(包住宿),上海-浦东新区
0.8-1.2万/月,高级安卓开发工程师（Android）,上海-普陀区
0.8-1万/月,Android开发工程师,深圳-南山区
1-1.4万/月,Android高级开发工程师,深圳-南山区
1-1.5万/月,Android开发工程师,广州
1.5-2万/月,Android应用开发工程师,深圳
0.6-2万/月,Android/Iphone App工程师,广州-越秀区
0.6-1万/月,android安卓 app开发工程师,广州-海珠区
1-1.5万/月,Android开发工程师,深圳-南山区
6-9千/月,java工程师 （android方向）,广州-越秀区
2-4万/月,Android系统开发工程师,上海-杨浦区
1-1.5万/月,Android驱动工程师,深圳
1-1.5万/月,Android开发工程师,上海-浦东新区
1-1.5万/月,Android开发工程师,深圳-罗湖区
0.7-1.2万/月,Android软件工程师,广州-海珠区
1.5-3万/月,Android Rom开发工程师,上海-闵行区
0.8-1万/月,Android开发工程师,广州-天河区
5.5-8千/月,软件工程师（Android App）,深圳
0.8-1.2万/月,Android开发工程师,深圳-南山区
1.5-2万/月,Android系统工程师,深圳
0.8-1万/月,Android开发工程师,深圳
1.5-2万/月,Android高级开发工程师,上海-浦东新区
0.8-1.5万/月,Android开发工程师,上海-普陀区
0.8-1.5万/月,Android开发工程师,深圳
0.8-1.3万/月,Android应用开发工程师,深圳-宝安区
1-2万/月,Android ROM开发工程师,广州-天河区
1-1.5万/月,Android开发工程师,深圳
0.8-1.5万/月,Android安卓开发工程师,深圳-南山区
1-1.5万/月,Android开发工程师,广州-天河区
0.8-1万/月,Android系统工程师,北京-海淀区
0.6-1.2万/月,Android开发工程师,广州-天河区
2-4万/月,Android/iOS高级工程师-支付创新发展部,北京-朝阳区
0.7-1万/月,Android开发工程师,广州-黄埔区
1.5-2万/月,Android应用开发工程师,深圳-龙华新区
1-1.5万/月,Android开发工程师,广州-天河区
1.2-2.4万/月,Android开发工程师,上海-徐汇区
1-2万/月,Android应用开发工程师（大屏事业部）,深圳-南山区
5-8千/月,Android开发工程师,广州-黄埔区
6-8千/月,Android工程师（南海桂城）,异地招聘
1-1.6万/月,Android软件工程师——基础研发部,深圳-南山区
1-1.5万/月,Android高级开发工程师,深圳
1-2万/月,Android开发工程师,北京-朝阳区
1-1.5万/月,Android开发工程师,深圳-福田区
20-40万/年,Android高级开发工程师,上海-浦东新区
1.5-2万/月,Android开发工程师（五险）,广州-天河区
1-1.5万/月,Android开发工程师,深圳-宝安区
1-1.5万/月,Android开发工程师,异地招聘
1.5-2万/月,Android系统工程（伴享科技）,深圳-南山区
1-1.5万/月,Android开发工程师,深圳-南山区
0.8-2万/月,Android驱动工程师,深圳
0.8-1.5万/月,Android开发工程师,上海-浦东新区
3-8千/月,Android开发工程师,广州-白云区
1-1.5万/月,Android开发工程师,深圳-福田区
0.5-2.5万/月,Android开发工程师,上海-黄浦区
5-8千/月,Android APP 初级工程师,深圳
6-8千/月,Android开发工程师,上海-闵行区
0.8-1.5万/月,Android开发工程师,北京-丰台区
,Android软件系统资深架构师-上海,上海-浦东新区
5-9.9千/月,Android开发工程师,广州-天河区
0.8-2万/月,资深Android开发工程师,上海-浦东新区
1-1.6万/月,初中级Android开发工程师,上海
2-2.5万/月,高级Android驱动工程师 （高通平台）,上海-闵行区
1.5-3万/月,Android高级开发工程师,深圳-南山区
1.5-3万/月,Android高级开发工程师,北京-朝阳区
1-1.5万/月,Android开发工程师,深圳-南山区
1-1.5万/月,Android开发工程师,上海
0.7-1.2万/月,Android开发工程师,北京-海淀区
0.6-1.2万/月,Android工程师,北京-通州区
1-1.5万/月,Android开发工程师,上海-长宁区
1.5-2万/月,Android驱动工程师,北京-海淀区
0.6-1.5万/月,Android安卓开发工程师,深圳
0.9-1.2万/月,Android开发工程师,深圳-龙岗区
1-1.5万/月,Android高级开发工程师,深圳-龙华新区
0.8-1.6万/月,Android客户端开发工程师,北京-朝阳区
1.5-2万/月,Android开发工程师,深圳-南山区
0.8-1.5万/月,Android/安卓开发工程师,深圳
6-8千/月,Android开发工程师,深圳-宝安区
1.5-2万/月,高级Android开发工程师,广州-天河区
1-1.5万/月,前端java/android开发工程师,深圳-南山区
6-8千/月,Android开发工程师,深圳-福田区
1.2-1.5万/月,Android APP开发工程师,深圳-龙岗区
1.5-2万/月,移动端开发工程师(iOS/Android SDK),广州-黄埔区
0.6-1.2万/月,Android研发工程师,深圳-龙华新区
1-1.5万/月,Android开发工程师,深圳
1.5-2万/月,Android开发工程师,北京-朝阳区
1.2-2万/月,Android工程师,上海
1-1.1万/月,Android开发工程师,广州-天河区
1-2万/月,Android开发工程师,深圳-福田区
1.5-2.5万/月,Android开发工程师,上海-青浦区
2-2.5万/月,Android开发工程师,上海-浦东新区
6-8千/月,Android开发工程师,上海-徐汇区
0.7-1万/月,Android开发工程师,深圳-罗湖区
1-1.5万/月,ANDROID底层驱动开发工程师,深圳-龙华新区
1-1.5万/月,unity/Android,广州-天河区
4.5-6千/月,Android开发工程师,广州-黄埔区
1-2万/月,Android开发工程师,深圳-南山区
0.8-1.5万/月,Android开发工程师,深圳-福田区
0.8-1万/月,Android研发程序员,广州-天河区
,Android开发工程师,上海-虹口区
1-1.5万/月,Android工程师,深圳-福田区
1-1.5万/月,Android开发工程师,上海-浦东新区
1.2-1.8万/月,Android研发工程师,北京
0.8-1万/月,Android开发工程师,广州-番禺区
0.8-1万/月,Android开发工程师（双休/社保）,深圳-福田区
1-1.5万/月,Android高级工程师,广州-白云区
1.5-2.5万/月,高级开发工程师（ios/android）,深圳
4.5-6千/月,Android开发工程师,上海-浦东新区
1-1.5万/月,Android开发工程师,上海-徐汇区
1-2万/月,Android系统工程师,深圳-南山区
0.8-1.3万/月,Android高级开发工程师,广州-黄埔区
0.8-1.5万/月,Android安卓开发工程师,广州-天河区
1.2-1.8万/月,Android /安卓开发工程师,深圳-龙岗区
0.8-1.2万/月,Android软件工程师,北京-朝阳区
1-1.5万/月,Android开发工程师,上海-徐汇区
1-1.5万/月,Android高级开发工程师,上海
0.8-1.5万/月,Android开发,广州-越秀区
1-1.5万/月,Android开发工程师,深圳-宝安区
7-9千/月,Android开发工程师,广州-天河区
1-2万/月,Android开发工程师,深圳-罗湖区
6-8千/月,Android开发工程师,广州-荔湾区
2-3万/月,Android实训项目经理,北京-海淀区
0.8-1.3万/月,Android开发工程师,广州-海珠区
1.5-3万/月,资深Android工程师,深圳-南山区
15-25万/年,Android开发工程师,深圳-南山区
0.8-1.5万/月,Android开发工程师,深圳-南山区
0.5-1万/月,Android开发工程师,深圳-龙岗区
1.1-2万/月,Android开发工程师,深圳-罗湖区
0.8-1.5万/月,Android开发工程师,深圳-南山区
1-1.5万/月,Android开发工程师,上海-嘉定区
0.8-1万/月,Android开发工程师,上海-虹口区
0.8-1.2万/月,Android开发工程师,深圳-南山区
1.5-2万/月,Android开发工程师,异地招聘
1.2-2万/月,Android应用软件工程师,深圳-南山区
0.7-1.2万/月,android车载应用工程师,深圳-南山区
1.6-1.8万/月,Android开发工程师,广州-天河区
1-1.5万/月,Android 开发工程师,上海-浦东新区
1.5-2万/月,APP安全开发工程师 ( Android）,深圳
0.8-1.5万/月,Android开发工程师,深圳-南山区
6-8千/月,android手机软件测试工程师,上海
1-2万/月,Android 系统开发工程师,上海-青浦区
1.5-2.5万/月,高级android工程师,北京-丰台区
1.3-1.6万/月,Android/安卓工程师,上海-徐汇区
1.5-2万/月,Android 开发 （区块链，数字钱包，加密货币）,上海-黄浦区
1.5-2万/月,Android开发工程师,深圳-宝安区
1.2-1.8万/月,Android 软件工程师,深圳-龙岗区
1-1.8万/月,Android开发工程师,上海-长宁区
0.5-1万/月,Android开发工程师,广州-天河区
2-3万/月,资深Android开发工程师,上海-长宁区
0.8-1.2万/月,Android开发工程师,上海-浦东新区
8-12万/年,Android软件工程师,深圳-南山区
0.9-1.8万/月,Android工程师,深圳-宝安区
6-8千/月,Android开发工程师,广州
1-2万/月,Android研发工程师,深圳-宝安区
1-2万/月,Android研发工程师,北京-朝阳区
2-3万/月,Android工程师,广州-天河区
0.6-1万/月,Android软件开发工程师,广州
0.8-1万/月,Android开发工程师,深圳
3-4.5千/月,Android软件工程师,广州-黄埔区
0.8-1万/月,Android开发工程师,深圳-宝安区
1.2-1.8万/月,Android开发工程师,上海-杨浦区
0.8-1.5万/月,Android开发工程师(总部）,广州-番禺区
1-2万/月,Android系统框架工程师,深圳-福田区
2.5-3万/月,Android开发工程师,北京-朝阳区
0.5-1万/月,Android开发工程师 （应届）,广州-番禺区
1-1.5万/月,诚聘Android/Ios工程师,深圳-宝安区
1-1.9万/月,安卓开发/android 工程师/移动应用,上海-浦东新区
1.5-3万/月,Android应用开发工程师,广州-天河区
1.5-2万/月,android 开发工程师,深圳-南山区
0.7-1.3万/月,Android开发工程师,深圳
0.7-1.2万/月,Android开发工程师 （创新研发中心）,异地招聘
0.6-1.5万/月,Android开发工程师,上海-闵行区
0.8-1.6万/月,android开发工程师（TX）,广州-黄埔区
1.2-2万/月,Android开发工程师,深圳-福田区
1-1.5万/月,Android开发工程师,深圳-罗湖区
1-1.5万/月,android手机开发人员,上海-浦东新区
0.5-1万/月,Android开发工程师（实习生）,广州-番禺区
0.7-1.5万/月,安卓Android开发工程师,上海-静安区
1-1.5万/月,Android开发工程师（本科）,广州
0.8-1万/月,Android开发工程师,深圳-宝安区
1.5-2.5万/月,Android开发工程师,上海-长宁区
1-1.5万/月,Android开发工程师,深圳-南山区
0.8-1.5万/月,Android开发工程师,上海-黄浦区
0.8-1万/月,Android开发工程师（外派）,上海-闵行区
0.8-1.5万/月,Linux /Android驱动工程师,深圳-宝安区
1-1.5万/月,android工程师,上海-黄浦区
1-1.8万/月,Android开发工程师,深圳-南山区
0.8-1万/月,Android开发工程师,北京-海淀区
1-1.5万/月,Android开发工程师,北京-丰台区
0.8-1万/月,Android工程师,广州-越秀区
0.8-1万/月,Android HTML5软件开发工程师,上海-徐汇区
1.2-1.8万/月,前端android应用工程师,深圳-南山区
2-2.5万/月,Android开发工程师（react）,深圳-南山区
1.3-2.5万/月,Android开发工程师,深圳-南山区
0.8-2万/月,Android开发工程师,广州-海珠区
6-9千/月,Android开发工程师,深圳-宝安区
0.8-1万/月,Android应用软件工程师,上海-嘉定区
1-1.5万/月,Android开发工程师-IM社交方向,深圳-龙华新区
1.5-2万/月,软件开发工程师（Android）,北京-西城区
0.8-1.5万/月,Android开发工程师,上海
0.9-1.5万/月,Android底层开发工程师,深圳-南山区
1-1.5万/月,Android开发工程师,深圳-南山区
1.5-3万/月,Android开发经理,上海-浦东新区
1-2万/月,Android开发工程师-CPXT-3,深圳-南山区
6-8千/月,Android开发工程师,广州-黄埔区
0.7-1.2万/月,Android开发工程师,广州-白云区
1.5-2万/月,Android Framework工程师,深圳
4.5-6千/月,Android（安卓）开发工程师,上海-黄浦区
6-8千/月,Android开发工程师,广州-天河区
6-8千/月,Android安卓开发工程师,广州-黄埔区
6-8千/月,android软件开发工程师,上海-浦东新区
1-1.5万/月,Android系统工程师,深圳-南山区
0.8-1万/月,Android开发工程师,深圳-南山区
1-1.5万/月,Android开发工程师,上海-徐汇区
0.8-1.5万/月,Android开发工程师,广州-天河区
1-1.5万/月,IOS&Android开发工程师,上海-普陀区
0.7-1.5万/月,Android开发工程师,深圳-南山区
0.8-2万/月,Android开发工程师,广州-番禺区
1-1.8万/月,Android开发工程师,深圳-龙岗区
1-1.5万/月,Android开发工程师,深圳-龙华新区
0.8-1万/月,Android开发工程师,上海-宝山区
1-1.8万/月,Android开发工程师,广州
0.8-1.5万/月,Android开发工程师,广州-花都区
1.5-2万/月,安卓(Android)开发工程师Q7532,上海-闵行区
1-1.5万/月,Android开发工程师（生鲜电商）,上海-长宁区
1-1.5万/月,Android高级开发工程师,上海-徐汇区
1-1.5万/月,高级Android 工程师,深圳-福田区
4-5万/月,高级Android工程师,北京-海淀区
0.9-1.2万/月,Android,深圳-罗湖区
0.7-1.4万/月,Android开发工程师,广州-越秀区
1-1.5万/月,Android工程师,深圳
1.5-3万/月,上海瓶钵- Android/iOS开发工程师,上海-闵行区
1-1.8万/月,Android开发工程师,上海-杨浦区
0.8-1万/月,Android开发工程师,广州
0.8-1.5万/月,Android开发工程师,深圳-南山区
1-2.5万/月,Android开发工程师,深圳-福田区
4.5-6.5千/月,Android开发工程师,广州-天河区
0.8-1万/月,Android开发工程师,上海-徐汇区
1.5-2万/月,Android驱动工程师,深圳-南山区
1-2万/月,Android开发工程师,广州-海珠区
1.5-2万/月,Android高级开发工程师一厦门,深圳-福田区
6-8千/月,Android开发工程师,上海-嘉定区
3-4万/月,Android系统开发工程师,深圳-宝安区
0.8-1万/月,Android开发工程师,北京-丰台区
1.2-2.2万/月,Android/安卓 软件开发工程师,深圳-南山区
0.8-1万/月,Android开发工程师,广州-天河区
1-1.5万/月,Android开发工程师,深圳-南山区
1.5-2万/月,Android开发工程师,上海-浦东新区
5-7千/月,Android开发工程师,深圳
1-1.5万/月,android 系统工程师,深圳
1-1.5万/月,Android开发工程师/安卓开发,北京
1-2万/月,android APP开发工程师,北京-海淀区
1.5-2万/月,高级Android应用工程师,深圳-光明新区
1.3-2万/月,高级Android系统工程师,深圳
2-2.5万/月,高级Android软件开发工程师,深圳-龙岗区
1.5-2万/月,android 开发工程师,深圳-宝安区
1.5-2.5万/月,Android开发工程师,北京-朝阳区
0.8-1万/月,Android开发工程师,北京
0.8-1.2万/月,Android开发工程师,上海-嘉定区
1-2万/月,android Framework工程师,深圳
1-1.5万/月,嵌入式Android工程师,广州-海珠区
1-2万/月,Android开发工程师,上海-长宁区
1-1.5万/月,Android开发工程师,深圳-福田区
1-1.5万/月,Android开发工程师,北京-朝阳区
0.7-1.2万/月,Android开发工程师,广州-天河区
0.5-1万/月,Android开发工程师,广州
15-20万/年,Android开发工程师,广州
0.8-1万/月,Android安卓开发工程师（网络营销部）,上海-虹口区
1.3-2.5万/月,Android开发工程师,北京-朝阳区
1.3-2万/月,Android开发工程师,上海-浦东新区
1-1.5万/月,Android驱动工程师,深圳-南山区
0.6-1.2万/月,安卓软件工程师/Android软件工程师,广州
0.5-1万/月,Android开发工程师,深圳
,软件工程师 Software Engineer-HMI(Android),上海-徐汇区
1-1.5万/月,Android开发工程师,深圳-光明新区
1.5-2万/月,Android开发工程师，软件研发工程师,深圳-光明新区
1.2-1.6万/月,Android开发工程师,广州-白云区
6-8千/月,Android开发工程师,广州-天河区
1-1.5万/月,Android开发工程师,广州-天河区
6-8千/月,机器人Android开发工程师,深圳
1.5-2万/月,Linux/Android驱动开发工程师,深圳-宝安区
0.5-1万/月,Android App 开发工程师,广州-天河区
1-1.5万/月,Android驱动/系统工程师,深圳
0.6-2万/月,Android开发工程师,深圳-南山区
6-8千/月,Android应用开发工程师,广州-黄埔区
1-1.5万/月,Android工程师,深圳-坪山区
1.2-2万/月,Android开发工程师,深圳-南山区
1.5-2.5万/月,Sony索尼-Android多媒体开发工程师,上海
1-1.5万/月,Android开发工程师(显示),深圳-坪山区
1.2-1.8万/月,Android工程师,深圳
0.8-1.3万/月,Android开发工程师,北京
0.8-1.2万/月,Android开发工程师,广州-黄埔区
5-8千/月,Android开发工程师,广州-番禺区
0.6-2万/月,Android/Linux系统工程师,广州-白云区
0.7-1.5万/月,Android开发工程师,广州-增城
,Android开发工程师,上海-杨浦区
0.8-1.1万/月,Android开发工程师,广州
0.7-1.4万/月,Android开发工程师,上海
0.8-1.5万/月,前端开发中高级工程师 （Java或Android或ios）,广州-海珠区
0.8-1万/月,Android开发工程师,深圳-南山区
1-1.5万/月,Android开发工程师,深圳-罗湖区
6-8千/月,Android（安卓）高级开发工程师,上海
1.5-2万/月,资深Android 开发工程师（车联网方向）,上海-徐汇区
6-8千/月,Android开发工程师,深圳-南山区
,Android/iOS工程师,北京-海淀区
0.5-1万/月,Windows\Android系统等软件工程师 经理（全职或***）,广州-黄埔区
0.8-1.2万/月,Android开发工程师,上海-浦东新区
0.6-1.2万/月,Android开发工程师,深圳-福田区
0.8-1.2万/月,Android开发工程师,上海-浦东新区
0.8-1万/月,Android开发工程师,上海-浦东新区
0.8-1万/月,Android开发工程师,广州-天河区
1-2.5万/月,Android底层开发工程师（上海）,上海-闵行区
0.5-1.5万/月,Android开发工程师,上海-普陀区
0.8-1万/月,android开发工程师,北京
1-2万/月,Android开发工程师（应用系统部,北京-石景山区
0.8-1.5万/月,Android开发工程师,上海-徐汇区
1-2万/月,Android/iOS高级开发工程师,广州-天河区
1.5-2万/月,Android开发工程师--智能硬件技术中心,深圳
1.5-2万/月,Android开发工程师,深圳-福田区
,"Engineer, Android Software Developer 工程师，安卓软件开发",上海
1.5-2.5万/月,Android开发工程师-玩乐事业部J12314,北京-海淀区
1.8-3万/月,资深 Android 工程师--平台事业部J12615,北京-海淀区
1-1.5万/月,Android开发工程师,深圳
6-8千/月,黄金娇-Android工程师0799,北京-东城区
1.8-3万/月,Android开发工程师,北京
1.5-2万/月,android开发工程师(3478),北京-朝阳区
1.5-3万/月,资深Android开发工程师（深圳）,深圳-福田区
,新媒体事业群-Android研发专家,广州
,Android Developer - IC 安卓开发 - 信息娱乐及智能通讯,上海
1.5-3万/月,高级Android开发工程师,上海
40-50万/年,Android开发工程师(004033),深圳-罗湖区
,Android 开发工程师,北京
,Android开发工程师,北京
0.6-1.5万/月,Android开发工程师,深圳-龙岗区
1.5-2万/月,Senior Android Developer,上海
0.8-1.2万/月,Android开发工程师,深圳
2-3万/月,移动客户端开发-Android,北京
0.8-1.5万/月,Android开发工程师,深圳-南山区
1.5-2.5万/月,Android开发工程师,北京-朝阳区
1.5-2.5万/月,在线产品研发部--Android开发,北京-海淀区
0.8-1.4万/月,Android开发工程师,广州-天河区
1.5-3万/月,高级Android工程师,深圳
1.5-2万/月,Android软件开发工程师,深圳-南山区
1-1.5万/月,Android开发工程师,上海-浦东新区
0.8-1.2万/月,Android开发工程师,异地招聘
0.8-1.2万/月,Android开发工程师,广州-天河区
1-1.5万/月,Android开发工程师（底层）,深圳-宝安区
0.8-1.5万/月,Android App 测试工程师-DS,上海-青浦区
1-1.5万/月,Android软件工程师,北京
0.8-1万/月,Android开发工程师（周末双休+五险）,广州-天河区
1.5-3万/月,Android开发工程师,异地招聘
0.6-1万/月,Android开发工程师,深圳-罗湖区
1-2万/月,Android应用开发工程师,上海
1-1.5万/月,Android开发工程师,北京-丰台区
1.5-2.5万/月,Android SDK开发,上海-徐汇区
3-6万/月,高级Android开发工程师,北京-东城区
1-2.5万/月,Android开发工程师,北京-昌平区
0.8-1.5万/月,安卓开发工程师/Android开发,广州-天河区
1.2-1.5万/月,Android开发工程师,上海-浦东新区
1-1.5万/月,Android开发工程师,上海-闵行区
1-1.5万/月,Android开发工程师,广州-番禺区
1-1.5万/月,Android开发工程师,北京-朝阳区
1.5-2万/月,Android开发工程师,上海-长宁区
1-1.8万/月,Android开发工程师,深圳
2-4万/月,智慧财经-Android开发工程师,北京-朝阳区
0.8-1.4万/月,android,广州-番禺区
1.5-2万/月,Android开发工程师,北京-丰台区
1-2万/月,Android研发工程师,上海-杨浦区
1-1.5万/月,Android开发工程师,上海-浦东新区
1.5-2万/月,Android开发工程师,深圳-龙岗区
0.8-1.5万/月,Android开发工程师,深圳-龙华新区
0.9-1.4万/月,iOS/Android Developer App开发,深圳-南山区
1-1.5万/月,Android开发,深圳
1-1.5万/月,Android 高级开发工程师,上海-浦东新区
0.7-1.2万/月,RD5-Android开发工程师,深圳-南山区
1-1.5万/月,iOS/android开发工程师,深圳-宝安区
0.8-1万/月,Android开发工程师,深圳-宝安区
1-2万/月,Android驱动开发工程师,上海-长宁区
0.6-1.2万/月,软件工程师(安卓Android开发),上海-闵行区
1.5-2万/月,Android高级开发工程师,上海-徐汇区
1-1.5万/月,Android开发工程师,北京-丰台区
1-1.5万/月,中级Android研发工程师,上海-浦东新区
1.2-1.8万/月,高薪诚聘Android开发工程师,深圳-南山区
0.8-1.5万/月,Android App开发工程师,北京-海淀区
1-2万/月,Android驱动工程师,深圳-宝安区
1-1.5万/月,Android开发工程师,北京
1-1.5万/月,Android中级开发工程师,上海
2-2.4万/月,Android开发工程师,深圳-宝安区
1-2万/月,Android开发工程师,北京-海淀区
1-2万/月,Android开发工程师,北京
1-1.5万/月,中级Android工程师,广州-番禺区
1-1.5万/月,Android开发工程师,广州
1-2万/月,Android工程师,深圳-南山区
1-2万/月,Android开发工程师,上海
0.5-2万/月,Android（或IOS）软件工程师,上海-闵行区
1.5-2.5万/月,Android高级开发工程师,上海-宝山区
1-2万/月,Android开发工程师（IT部）,上海-静安区
1.3-2.5万/月,Android开发工程师,上海-静安区
1-1.5万/月,Android工程师,深圳-南山区
1.6-2.2万/月,Android系统开发工程师,深圳-龙华新区
1-1.5万/月,Android开发工程师,深圳
0.7-1.2万/月,Android开发工程师/大牛带队/婚礼猫,广州-海珠区
1-1.5万/月,Android开发工程师,北京-顺义区
0.5-1万/月,移动开发工程师（Android/IOS）,北京-海淀区
0.5-1万/月,Android开发工程师,深圳-福田区
0.8-1.5万/月,Android开发工程师,广州-天河区
1-2万/月,cocos2d-x ios/android sdk工程师,上海-徐汇区
2-4万/月,资深Android系统工程师,上海-浦东新区
1.5-3万/月,Android安全工程师,北京-海淀区
1.5-2万/月,Android工程师,上海
0.8-2万/月,Android软件开发工程师,上海
6-8千/月,Android驱动开发工程师,北京
0.8-1万/月,Android开发工程师,广州-黄埔区
1-1.8万/月,高级Android开发工程师,广州-天河区
0.9-1.5万/月,安卓开发工程师/Android开发工程师,广州-海珠区
1-2万/月,Android开发工程师,深圳-南山区
0.8-1万/月,Android开发工程师,北京-昌平区
4.5-6千/月,Android  APP开发工程师,广州-荔湾区
1.2-2.5万/月,Android开发工程师,深圳-南山区
6-8千/月,Android应用软件工程师,上海-杨浦区
1.5-2万/月,Android软件开发工程师,上海-徐汇区
1-1.5万/月,嵌入式Android开发人员,深圳-福田区
1.3-2万/月,Android开发工程师,上海
1-2万/月,Android安全开发工程师,北京
0.6-2万/月,Android应用开发工程师,深圳-南山区
1-2万/月,Android开发工程师,北京-海淀区
1-1.5万/月,Android开发工程师,北京-朝阳区
0.9-1.5万/月,Android开发工程师,深圳-南山区
0.6-1.5万/月,Android开发工程师,上海-闵行区
1.5-2万/月,Android开发工程师,上海-浦东新区
1-2万/月,Android开发工程师,深圳
1-1.5万/月,Android开发工程师,广州-天河区
1-1.5万/月,Android开发工程师,上海-静安区
1.5-2万/月,Android（安卓）开发工程师,北京-朝阳区
1.4-2.4万/月,Android开发师,北京-海淀区
1.2-1.8万/月,Android开发工程师,深圳-福田区
0.8-1.2万/月,Android/IOS开发工程师,上海-闵行区
0.6-1.2万/月,Android开发工程师,上海-闵行区
7-9千/月,Android开发工程师,北京-海淀区
1-2万/月,资深Android开发工程师,上海-浦东新区
1.5-2万/月,Android 开发工程师,上海-闵行区
0.6-1.5万/月,Android软件开发工程师,上海-徐汇区
0.9-1.3万/月,Android开发工程师,深圳-福田区
,网络金融部Android测试工程师,深圳-福田区
1-2万/月,Android开发工程师,深圳
0.6-1.5万/月,Android开发工程师,广州-黄埔区
1-1.5万/月,Android开发工程师,上海-徐汇区
6-8千/月,Android开发工程师,上海
1-1.6万/月,Android开发工程师,上海
1-2万/月,Android驱动工程师,深圳-宝安区
1.2-2万/月,Android高级开发工程师,上海-浦东新区
1.5-2.5万/月,高级Android开发工程师-北京-00284,北京-海淀区
0.6-1万/月,Android开发工程师,广州-增城
1.5-2万/月,Android开发工程师,上海-普陀区
1.5-2.5万/月,Android开发工程师,北京-海淀区
1-1.5万/月,Android开发工程师,深圳-南山区
1.5-2.3万/月,5险1金+双休+Android底层工程师,广州
1-1.5万/月,Android软件工程师/安卓工程师,广州-天河区
0.6-1万/月,Android软件工程师,北京-海淀区
1-1.5万/月,Android开发工程师,广州-天河区
0.8-1万/月,Android开发工程师,北京-东城区
1-1.5万/月,上海android高级开发工程师,上海-浦东新区
1.2-1.5万/月,高级Android开发工程师,广州
4.5-8千/月,Android开发工程师,上海-松江区
0.8-1.2万/月,Android开发工程师,广州-白云区
0.8-1万/月,急聘Android高级开发工程师,北京
1-1.8万/月,资深Android软件工程师,上海-浦东新区
0.8-1.5万/月,Android MMI工程师/软件工程师,上海-闵行区
1.8-3.6万/月,Android资深工程师,北京
0.9-1.2万/月,Android开发工程师,广州-黄埔区
1-1.5万/月,Android开发工程师,上海
1.5-2万/月,安卓android开发工程师,上海-浦东新区
1.5-3万/月,Android开发工程师,上海-虹口区
1-2万/月,Android开发工程师,上海
1-1.5万/月,Android架构师,广州-白云区
8-10万/年,Android开发工程师,上海
0.6-1.2万/月,Android工程师,广州-荔湾区
0.8-1.5万/月,Android驱动工程师,深圳-宝安区
0.7-2万/月,安卓Android  开发工程师,深圳
,Android开发工程师,上海
0.6-1.2万/月,Android开发（2018校招）,广州-天河区
0.4-1万/月,android开发工程师（android软件工程师、安卓工程师）,广州-天河区
1.5-2.5万/月,Android开发工程师,北京
1.5-3万/月,Android底层驱动开发,深圳-宝安区
0.4-1万/月,Android开发工程师,广州-天河区
0.8-1.3万/月,Android开发工程师,北京-石景山区
6-8千/月,Android开发工程师,广州-天河区
6-8千/月,Android安卓开发工程师,广州-天河区
0.8-1.5万/月,Android/安卓APP开发工程师（P2P金融）,广州-越秀区
1.5-2.5万/月,Android Application Engineer(163176),上海
0.8-1万/月,Android开发工程师,上海-浦东新区
0.5-1万/月,Android工程师,广州-天河区
0.8-1.2万/月,Android开发工程师,上海
15-25万/年,移动开发工程师-Android,上海-浦东新区
0.5-1万/月,Android开发工程师,广州-天河区
6-8千/月,Android SDK开发工程师,广州
0.9-1.4万/月,安卓/Android开发工程师（互联网公司）,上海-静安区
0.8-1.2万/月,Android研发工程师,深圳
0.8-1万/月,Android开发工程师,深圳
1.5-2万/月,高级Android开发工程师(外派中国外汇),上海-浦东新区
0.8-2万/月,Android开发工程师,深圳
0.6-1.2万/月,Android/安卓开发工程师 （可招优秀实习生）,广州-番禺区
0.8-1.2万/月,Android开发工程师,广州-海珠区
1-1.5万/月,Android视频开发工程师,深圳-南山区
0.4-1万/月,Android开发工程师,广州
2.5-3万/月,Android framework架构师,北京-朝阳区
600元/天,（校招/实习生）粉笔科技Android 开发工程师,北京-朝阳区
3-5千/月,Android开发工程师,广州-天河区
1-1.5万/月,Android/iOS SDK(高薪诚聘）,广州-天河区
2-2.5万/月,Android开发高级工程师,深圳
6-8千/月,Android开发工程师,广州-番禺区
1.2-1.6万/月,Android开发,上海-普陀区
2.5-3万/月,Android框架开发工程师,深圳-南山区
0.8-1.2万/月,高级Android开发工程师,广州-白云区
0.6-1万/月,Android 开发工程师,广州
0.6-1万/月,Android开发工程师,广州-黄埔区
1.2-1.7万/月,Android开发工程师,上海-虹口区
1-1.5万/月,android应用中高级开发人员,上海-徐汇区
1-1.5万/月,IOS与Android开发工程师,广州-黄埔区
1.5-2万/月,Android开发工程师,上海-长宁区
1-1.5万/月,Android开发工程师,上海-长宁区
0.9-1.7万/月,Android开发工程师,上海
0.8-1.2万/月,Android开发工程师,深圳
1-1.5万/月,Android开发工程师,深圳
1.2-1.8万/月,Android开发工程师,深圳-南山区
0.8-1.5万/月,Android开发工程师,广州-海珠区
2.5-3万/月,Android方向架构师,北京-海淀区
0.8-1.5万/月,Android功能测试工程师,北京
1-1.5万/月,Android app开发工程师,广州-海珠区
1.2-2万/月,Android手机驱动工程师（平台方向）,上海-浦东新区
0.8-1.6万/月,Android开发工程师,深圳
1-1.5万/月,Android开发工程师,北京
0.8-1.5万/月,Android开发工程师,上海-杨浦区
1-1.5万/月,Android开发工程师,上海-普陀区
0.8-1万/月,Android研发工程师,深圳-南山区
0.8-1万/月,高薪诚聘  Android开发工程师（环境好待遇高）,上海-浦东新区
1-1.5万/月,Android工程师,北京-海淀区
1.5-2.5万/月,Android 高级软件工程师,深圳
1-1.5万/月,Android软件开发,上海-浦东新区
1.8-2.4万/月,高级安卓（Android）开发工程师,上海-浦东新区
1-1.5万/月,Android高级开发工程师,上海
0.6-1.5万/月,android开发工程师/android工程师,上海
1-1.5万/月,Android软件工程师,上海-虹口区
1-1.5万/月,Android开发工程师,上海
1-1.7万/月,Android开发工程师,上海-浦东新区
1.3-1.8万/月,高级Android开发工程师,广州-天河区
6-8千/月,Android 开发工程师,广州-黄埔区
100元/天,实习生（Android手机应用开发）,广州
1-1.8万/月,Android高级开发工程师/IOS高级开发工程师,深圳-南山区
1-1.5万/月,android开发工程师,上海
1.6-2.5万/月,Android开发工程师,异地招聘
0.8-1万/月,Android开发工程师,上海
0.8-1.6万/月,Android开发工程师,深圳-南山区
1.5-3.5万/月,Android高级软件工程师,深圳-宝安区
0.6-1万/月,Android开发工程师,深圳-南山区
2-2.5万/月,Android开发工程师,北京-海淀区
1-1.8万/月,Android开发工程师,深圳-罗湖区
0.8-1.2万/月,cocos2d-x ios/android sdk游戏程序员,上海-静安区
0.8-1万/月,Android软件工程师,广州
0.6-1.2万/月,android 软件开发,深圳-南山区
4.5-6千/月,Android开发工程师（2018应届）,深圳
6-8千/月,Android开发工程师,广州
