1.2,深圳-龙岗区,Python程序员 开发工程师 软件工程师
1.2,上海-浦东新区,Python 开发工作
1.4,上海-嘉定区,C++/Python开发工程师
1.4,上海-静安区,Python高级开发工程师
1.7,广州-天河区,高级软件Python开发工程师（后端）（广州）
1.7,广州,SU-Python开发（机器人事业部）
1.2,北京-朝阳区,Python开发工程师
1.7,上海-长宁区,python高级大数据开发工程师
1.0,上海-徐汇区,金融数据分析和机器学习(python)
1.0,上海-静安区,数据挖掘工程师（Python）
1.2,北京-西城区,python爬虫师工程师
1.2,深圳,Python开发工程师/互联网工程师
1.2,上海-浦东新区,Python开发工程师
2.2,北京,python开发工程师(4070)
3.1,上海-长宁区,Python架构师
2.7,上海-徐汇区,Python 开发
1.4,上海-黄浦区,Python开发工程师
1.9,上海,C++/python开发工程师
0.9,上海,自动化实施（shell/python）
1.4,深圳,Python开发工程师
1.4,上海-静安区,Python高级开发工程师
1.2,异地招聘,Python高级开发工程师
1.4,广州-天河区,Python开发工程师
1.2,深圳-南山区,Python大数据工程师
2.1,上海-徐汇区,python开发工程师
1.0,广州-天河区,Python爬虫开发工程师
1.5,深圳,Python工程师
1.4,上海-浦东新区,Python开发工程师
1.2,上海-闵行区,Python开发工程师
2.1,北京-大兴区,Python开发工程师
1.0,广州,Python开发工程师
0.9,北京-海淀区,python 开发工程师
1.2,上海-黄浦区,Python 软件工程师
1.2,广州-番禺区,高级python 后台开发
1.7,深圳-南山区,Python高级开发工程师
1.6,深圳-南山区,运维工程师—python方向
1.7,上海-徐汇区,中高级Python开发工程师
1.2,广州-越秀区,Python开发工程师
1.9,深圳-南山区,高级研发工程师（Python方向）
1.9,深圳-龙岗区,Python开发工程师
2.8,广州-天河区,Python高级开发工程师
1.2,上海-闵行区,自动化测试工程师（外派，需Python语言）
1.3,广州-天河区,Python 后端开发工程师
0.7,广州-天河区,Python开发工程师
1.1,北京-东城区,python爬虫工程师
1.7,北京-海淀区,Python高级开发工程师
1.2,上海,Python开发工程师
1.2,上海-浦东新区,测试工具开发（java / python）
1.3,广州-天河区,Python开发工程师
1.2,深圳-南山区,Python开发工程师
1.7,深圳-龙华新区,Python高级开发工程师
0.7,上海-浦东新区,初级Python后端工程师
1.4,深圳-南山区,Python开发工程师（包住+五险一金）
1.1,深圳,软件开发工程师（C#/python）
1.2,广州,Python开发工程师
1.1,上海-浦东新区,Python/Odoo高级开发工程师
1.2,上海-浦东新区,python数据分析/pythonweb
2.1,上海-杨浦区,Python高级开发工程师
2.1,上海-普陀区,Python开发工程师
2.3,深圳-宝安区,Python开发工程师
2.6,北京-海淀区,Python讲师-机器学习方向 (MJ004042)
2.9,上海-浦东新区,架构师(Python技术架构)
1.0,北京-昌平区,Python开发工程师
1.4,上海-浦东新区,Python开发工程师
1.7,北京-朝阳区,python运维开发工程师（侧重开发）
1.2,深圳,Python爬虫工程师
1.1,广州-白云区,Python爬虫工程师
2.4,北京-朝阳区,Python爬虫工程师
0.9,北京,Python开发工程师(面向2018届毕业生)
0.8,广州-天河区,急招Python工程师
0.7,广州-天河区,Python工程师
1.2,北京,Python开发工程师
1.2,上海-徐汇区,服务器工程师(python、php)
1.6,北京-丰台区,Python开发工程师
1.2,深圳-南山区,Python开发工程师
1.9,上海-虹口区,Python开发工程师
1.7,上海,python开发工程师（爬虫方向）
2.2,深圳-南山区,Python开发工程师
1.6,上海-长宁区,Python开发工程师
1.0,上海-普陀区,Python开发/深度学习
1.7,北京-朝阳区,Python开发工程师
1.7,北京,Python开发工程师
2.4,上海-静安区,Python高级开发工程师
1.2,上海-徐汇区,Python高级开发工程师
1.0,上海-浦东新区,Python开发工程师
1.9,北京-西城区,Python后端开发工程师
1.7,北京-海淀区,python架构师
1.4,深圳,Python开发工程师
0.8,深圳,Python(RPA)实施开发工程师（软件）
2.1,深圳,Python开发工程师
1.7,深圳-福田区,Python开发J15588
2.8,北京-海淀区,技术工程部-python开发工程师-北京-02155
0.9,上海-长宁区,python开发工程师
0.9,广州-海珠区,python web工程师
0.7,异地招聘,Python后端开发工程师 （情报中心）
1.8,上海-浦东新区,Python程序员
1.2,北京,数据处理（懂python）
1.4,上海-浦东新区,Python运维工程师
1.1,广州-番禺区,Python/PHP研发工程师
1.2,北京,Python开发工程师
1.4,北京-顺义区,Python开发工程师
1.9,广州-天河区,Python高级软件工程师
1.0,北京-朝阳区,Python开发（朝阳区）
1.7,上海-浦东新区,Python高级开发工程师
2.1,深圳-南山区,大数据Python工程师
1.7,深圳-南山区,python爬虫工程师
0.9,上海-浦东新区,Python工程师
1.2,异地招聘,Python物联网软件工程师
1.7,上海-静安区,python开发工程师
1.0,北京,Python开发工程师
1.2,上海-杨浦区,Python软件工程师（大数据产品开发）
1.2,上海-静安区,量化风控经理/风控建模经理/R/Python
1.2,北京-海淀区,Python开发工程师
1.7,深圳-南山区,C++/Python/QT软件工程师
2.8,北京-昌平区,python高级开发工程师
1.8,深圳,python大数据开发工程师
1.5,上海-浦东新区,Python工程师
2.7,上海-松江区,高级Python开发工程师
2.8,深圳-南山区,Python后台高级开发经理
1.4,北京-朝阳区,Python工程师
1.2,深圳-龙华新区,后端python工程师
0.7,广州-越秀区,python开发工程师
1.3,北京-海淀区,python开发工程师（机器学习）
0.9,上海-普陀区,python开发工程师
1.2,广州-越秀区,Python开发工程师
0.9,广州-海珠区,Python开发工程师
3.4,北京,高级 python 研发工程师
1.2,上海-徐汇区,Python开发工程师
1.4,上海-虹口区,Python开发工程师-上海虹口-00236
1.7,上海,Python后端开发
1.2,广州,Python高级开发工程师
1.9,上海-静安区,Python开发工程师
1.7,上海,项目研发经理（python平台）
1.4,深圳-福田区,Python数据工程师
1.1,北京,Python开发工程师
1.1,广州-黄埔区,Python开发工程师
1.6,上海-浦东新区,Python开发工程师
1.1,上海-浦东新区,Python软件开发工程师
2.3,深圳,Python高级开发工程师
1.4,北京,Python培训讲师
0.7,上海-浦东新区,交易系统API编程及后台开发人员（熟悉Python优先）
1.0,上海,Python/Odoo开发工程师
1.2,上海-徐汇区,python开发工程师
0.8,上海-静安区,Python开发工程师/服务器开发工程师
1.4,上海-徐汇区,python 算法工程师
0.9,广州-黄埔区,Python开发工程师
0.8,广州-黄埔区,少儿编程讲师（Python）
1.7,北京-朝阳区,Python后台开发工程师
1.4,异地招聘,Python工程师（广州）
1.9,上海-浦东新区,高级Python Web 开发工程师（上海）
1.1,上海-浦东新区,python爬虫工程师
2.3,上海-徐汇区,erlang/python服务器开发工程师
1.0,广州-海珠区,Python高级开发工程师
1.7,上海,Python开发工程师
1.4,上海,Python开发工程师
1.4,上海-长宁区,Python开发工程师
1.2,上海-黄浦区,技术顾问（Python）
1.7,北京-海淀区,服务端开发工程师-Python
1.2,深圳-福田区,Python爬虫工程师
1.7,上海,高级Python开发工程师
2.7,北京-朝阳区,Python高级开发工程师
0.9,上海-长宁区,Python开发工程师
2.4,上海-闵行区,Python工程师
1.8,深圳,Python后端工程师
3.8,北京-朝阳区,Python开发工程师
1.5,广州,Python开发工程师
1.2,上海-徐汇区,Python
2.1,上海-闵行区,Python测试开发工程师
1.1,广州-越秀区,Python工程师/人工智能工程师
1.7,广州-天河区,Python系统架构师
2.1,北京-海淀区,Python开发工程师
0.9,广州-天河区,Python开发工程师
2.1,广州-海珠区,Python爬虫工程师
1.2,广州-增城,Python实施人员
1.5,异地招聘,Python 工程师
1.3,北京-海淀区,Python 工程师
2.4,深圳,资深Python工程师（深圳）
1.3,广州-天河区,Python 高级开发工程师
1.1,广州-天河区,Python开发工程师（年终奖+六险一金）
2.7,上海,Python开发工程师
1.2,广州-天河区,AI后台服务开发(Python)
1.7,上海-浦东新区,Python开发工程师（参与公司内部开发或外派外企开发）
2.4,上海-静安区,高级Python 爬虫开发工程师
1.0,上海-浦东新区,python开发工程师（初级）
1.1,上海-浦东新区,python开发工程师（初级）
2.1,深圳-龙华新区,资深Python开发工程师
1.4,上海-浦东新区,Python开发工程师
1.5,广州-天河区,c++/java/golang/python服务端转erlang
1.0,深圳,Python开发工程师
0.9,广州-海珠区,Python开发工程师
1.1,上海-长宁区,Python课程开发/ 授课
1.1,上海-浦东新区,生物信息工程师（python）
1.2,上海,Python开发工程师
1.2,上海-黄浦区,Python开发工程师
1.2,上海-浦东新区,Python工程师
0.8,深圳-福田区,Python程序员 数据挖掘方向
1.7,北京-海淀区,Python开发工程师
1.4,上海-浦东新区,高级Python开发工程师
0.8,广州-天河区,PHP/Python ERP软件开发工程师
1.4,上海-普陀区,Python高级开发工程师
1.7,上海,Python工程师
1.8,深圳-宝安区,Python后台开发工程师
1.9,上海-杨浦区,00518-32-高级Python开发工程师
2.2,上海-闵行区,高级Python/Odoo开发工程师/经理（集团IT）
1.6,北京-海淀区,Python/Go开发工程师-北京-00395
0.9,异地招聘,Python高级工程师
1.7,广州-天河区,高级Python开发工程师（GIS方向）
1.3,北京-延庆区,Python讲师
1.2,上海,Python数据挖掘工程师
0.9,上海-徐汇区,python数据挖掘工程师
1.2,深圳,Python开发工程师
1.2,广州-天河区,Python开发工程师
1.0,上海-静安区,python开发
1.9,深圳-南山区,Python爬虫工程师
2.4,深圳-南山区,高级Python开发工程师（深圳）
1.2,北京-海淀区,python开发工程师
2.6,上海-浦东新区,Python开发工程师
2.1,上海-浦东新区,软件工程师/Python/高级开发工程师
0.9,上海,Python开发工程师
1.0,深圳-福田区,高级软件工程师(Python)
0.9,广州-天河区,Python开发工程师
0.9,北京,Python开发工程师
2.1,深圳-南山区,C++量化开发/python
1.0,上海-虹口区,Python开发工程师
2.2,上海,python工程师
1.7,深圳-龙岗区,PHP+Python软件工程师
1.2,广州-越秀区,python WEB开发工程师
1.1,上海-徐汇区,Python开发工程师
1.2,北京-海淀区,云方向业务部门_Python开发工程师
2.6,北京-朝阳区,Python开发工程师
1.4,深圳,python开发工程师
3.4,上海-长宁区,高级软件工程师（Python）
0.9,上海-浦东新区,Python开发工程师
1.1,深圳-南山区,软件开发工程师(Python数据爬虫)
1.2,深圳-龙华新区,Python 后台工程师
0.8,深圳-罗湖区,Python工程师
1.5,上海-浦东新区,Python高级开发工程师
1.4,上海-浦东新区,Web工程师（Python）
1.4,上海-松江区,Python开发工程师
1.1,广州-天河区,Python工程师
1.4,上海-长宁区,python课程设计
1.8,深圳-龙华新区,深圳市华馨智能科技—Python高级工程师
1.7,上海-长宁区,Python开发工程师
1.2,深圳-南山区,python后台开发工程师
2.4,北京-朝阳区,Python开发工程师
1.2,上海-黄浦区,Python Developer
1.7,上海-浦东新区,测试开发工程师（C++/python）
1.4,广州-天河区,python量化交易
1.9,上海-静安区,Python高级开发工程师
2.1,上海-杨浦区,Python爬虫开发工程师
1.0,北京-海淀区,Python开发工程师
1.4,深圳-南山区,python工程师
1.5,深圳-南山区,python游戏服务端开发工程师
1.4,北京-东城区,Python开发工程师-base北京
1.2,广州-天河区,Python开发工程师
1.7,北京-丰台区,python后端开发工程师
0.9,上海-静安区,Python开发工程师
1.1,上海,Python讲师
1.4,广州-番禺区,云平台 python 开发工程师
1.9,上海-浦东新区,Python开发工程师
1.7,上海-闵行区,Python开发工程师
2.4,北京-朝阳区,python后台研发工程师
1.2,深圳-宝安区,python+postgreSQL 社交商城开发
1.1,广州-白云区,Python工程师（课程研发方向）
1.0,深圳-福田区,Python程序员
2.1,上海-静安区,爬虫工程师(Java/Python)
1.2,广州,python 工程师
1.2,北京,Python工程师
1.1,北京-朝阳区,Python开发工程师
1.7,上海-杨浦区,Python开发
1.2,异地招聘,PHP、Java、Python后台开发工程师
1.4,深圳-南山区,Python高级开发工程师
1.3,广州-天河区,Python 后端开发工程师
1.2,深圳-南山区,Python
1.2,广州,Python后端开发工程师
1.2,深圳-福田区,Python技术工程师
1.7,上海,Python开发工程师
1.0,深圳,Python开发工程师
1.2,广州-天河区,Python开发工程师
1.5,深圳,Python开发工程师
1.2,深圳,"后台开发工程师（Node, Python, Java, Go）"
1.9,深圳-南山区,GO+Python
1.4,深圳-福田区,Python开发工程师
1.5,深圳-福田区,Python开发工程师
1.0,北京,Python开发工程师
1.2,广州-白云区,Python工程师
1.1,广州,Python开发工程师
1.1,深圳-南山区,Python研发工程师
1.4,深圳,Python开发工程师
1.0,上海-闵行区,Python Web开发工程师
1.4,北京,C/C++/python研发工程师
1.1,深圳-南山区,Python开发工程师
1.2,深圳-南山区,Python 工程师
2.4,北京-西城区,量化开发工程师（Java/C++/Python方向）
2.2,北京-丰台区,Python开发工程师
1.1,北京-东城区,Python开发工程师（产品研发）
1.7,上海-浦东新区,Python开发工程师
1.4,深圳-宝安区,Python游戏服务端开发工程师
2.1,上海-徐汇区,Python开发师
1.7,上海,爱尔兰电商咨询外企Python DevOps Engineer
1.2,广州-黄埔区,Python开发工程师
1.7,深圳,系统开发工程师（python）
1.1,广州-天河区,Python开发工程师
2.1,异地招聘,Python开发工程师
0.9,广州-黄埔区,数据分析师（python）
1.4,上海-徐汇区,Python开发工程师
1.2,上海,python后端开发工程师
2.1,上海,Python开发工程师
1.2,上海-浦东新区,python 开发
1.2,北京,Python开发工程师
1.4,深圳-南山区,Python 工程师
2.4,上海,Python开发后端软件工程师
1.5,深圳-宝安区,Python就业指导专员
1.2,北京-顺义区,Python就业指导老师(J10736)
0.9,北京-顺义区,Python  就业指导(J10734)
1.2,上海-杨浦区,Python软件工程师
1.1,北京-海淀区,Python高级软件工程师
1.7,上海-浦东新区,云计算开发工程师(Python)
3.4,上海-浦东新区,Senior Python Developer
1.7,广州,Python开发工程师
1.2,北京,Python开发工程师
1.9,上海-浦东新区,爬虫工程师（Python）
1.4,上海-浦东新区,Python主管工程师
1.7,北京-海淀区,Python开发工程师
1.7,北京-海淀区,Python开发
1.2,深圳-南山区,Python开发工程师
1.2,上海-浦东新区,Python Web开发工程师
1.2,上海-浦东新区,Python高级开发工程师
1.7,深圳-南山区,Python开发工程师
0.9,上海-浦东新区,python研发工程师
1.7,深圳-罗湖区,Python开发工程师（国信证券-乙方）
1.1,深圳-南山区,Python开发工程师
1.4,北京,软件测试工程师（C++、java、python）
1.1,深圳,Python软件开发工程师
1.2,北京-丰台区,Python开发工程师
1.7,上海,python/odoo高级开发工程师
1.3,广州-白云区,Python高级开发工程师
1.2,深圳-福田区,Python/c++
0.6,上海-浦东新区,Python数据开发工程师
2.1,深圳-宝安区,Python讲师
1.0,广州-越秀区,python工程师（大数据平台、运维）
1.4,上海,python自然语言处理工程师
1.2,上海,行情后端Python
2.5,深圳,Python（高级&资深&leader）
1.2,上海-徐汇区,Python开发工程师
0.9,广州-天河区,Python开发工程师
0.8,深圳,Python开发工程师
1.7,北京-朝阳区,后端架构师（Python/Go）
2.1,北京-海淀区,算法工程师（Java/Scala/Python/R方向）
1.3,深圳-福田区,Python开发工程师
1.0,上海-虹口区,Python开发工程师（驻场）
1.4,上海,后端开发工程师（C++/Python/Go）
1.4,深圳,Python开发工程师—新材料促进中心
1.1,异地招聘,Python后端开发工程师
2.1,上海-奉贤区,python讲师
1.6,上海-徐汇区,Python高级开发工程师
1.5,北京-海淀区,业务平台开发（CC++/python）
4.1,北京,Linux C++/Python高级研发工程师
1.3,深圳-南山区,python数据工程师
0.7,广州-番禺区,Python爬虫工程师(双休 7险1金)
0.9,北京,Python测试工程师
0.9,深圳,大数据/python技术支持老师
1.2,北京-海淀区,java开发（会Python优先）
1.7,广州-天河区,手游服务端开发工程师（Python）
2.1,深圳-福田区,Python开发工程师（深圳）
2.2,上海,高级软件工程师-C，python
1.4,北京-朝阳区,Python开发工程师
1.1,北京-海淀区,python爬虫工程师
0.9,上海-宝山区,Python开发工程师
1.5,广州,银行SAS/R/PYTHON数据分析挖掘建模岗
1.1,深圳-南山区,Python开发工程师
1.1,上海-徐汇区,Python开发工程师
1.7,上海-徐汇区,Python开发工程师
1.9,上海-徐汇区,运维开发工程师（Python）
0.8,深圳-南山区,Python开发工程师
1.2,北京,Python开发工程师
1.7,深圳-南山区,云计算开发工程师（python）
2.2,上海-闵行区,高级Python爬虫工程师
1.4,深圳-南山区,Python开发工程师
1.7,北京-朝阳区,Python开发工程师(爬虫）-鼎富科技-战略产品创新
1.5,上海-杨浦区,Python开发工程师（企业自动化运维）
1.2,深圳-福田区,Python web programmer
0.8,广州-荔湾区,python 开发工程师
1.0,上海-浦东新区,Python开发工程师
0.9,上海-杨浦区,Python web开发工程师
2.2,北京-朝阳区,python研发工程师
1.7,上海-徐汇区,Python开发工程师
1.5,上海-青浦区,Python高级开发工程师
1.3,上海-浦东新区,Python程序员(游戏开发)
1.2,北京-海淀区,python工程师
1.7,北京-海淀区,Python 开发工程师（应届毕业解决北京户口）
1.9,上海-杨浦区,初级Python开发工程师
1.2,上海-徐汇区,Python高级开发工程师
0.8,广州-越秀区,Python开发工程师
1.7,北京-海淀区,Python后台工程师
2.4,上海-普陀区,python讲师 IT行业
2.7,上海,爬虫开发主管（Python语言）
1.4,北京-朝阳区,游戏服务器(Python)开发工程师
1.9,上海,Python开发工程师（SaaS）
1.1,上海-普陀区,Python中级开发工程师
2.1,上海-浦东新区,Python高级开发工程师
1.1,广州-番禺区,python工程师 python开发工程师
1.2,深圳-南山区,高级开发工程师（C++或Python）
1.7,上海-浦东新区,Python工程师
2.1,深圳-南山区,Python开发工程师
1.1,深圳-龙岗区,Python开发工程师
1.7,上海-徐汇区,Python开发工程师
1.2,深圳-南山区,Python应用开发工程师
1.2,广州-天河区,python开发工程师（双休+五险）
1.4,深圳,Python开发工程师（后端开发）
1.9,北京-海淀区,Python后端开发工程师
1.4,上海-浦东新区,Python开发工程师
1.6,上海-徐汇区,运维开发工程师（Python）
1.0,北京,Python工程师（django）
1.2,上海,高级软件工程师（Python开发）
1.2,北京-海淀区,数据工程师-Python
2.9,北京-朝阳区,Python开发工程师
1.4,广州-黄埔区,Python爬虫研发工程师
1.9,北京-海淀区,Python开发工程师
0.8,上海-杨浦区,AI上Python主讲老师
2.1,上海-徐汇区,Python开发高级工程师
1.2,深圳,Python工程师  爬虫  五险一金 包住 双休
1.8,深圳-南山区,Python开发工程师
1.2,深圳-南山区,python 爬虫开发工程师
1.2,上海-徐汇区,C/C++/python/tensorflow
1.2,北京-朝阳区,python 研发工程师
2.7,北京-朝阳区,Python开发工程师
1.2,上海-浦东新区,风控系统python研发工程师
2.6,上海-虹口区,Python高级数据开发工程师
1.8,广州-天河区,go/python服务端开发工程师(广州)
1.8,上海,Python程序员
1.7,北京-朝阳区,Python开发工程师
1.4,北京-朝阳区,python全栈开发工程师
1.2,上海-徐汇区,Python高级开发工程师
1.0,上海-静安区,Python开发工程师
0.8,广州,Python开发工程师
1.1,上海-静安区,Python爬虫工程师
0.8,广州-天河区,python开发/爬虫开发工程师
1.3,广州-天河区,python程序员
1.1,上海-杨浦区,Python开发工程师（数据处理）
0.8,深圳-罗湖区,Python开发工程师
1.4,北京-海淀区,Python后端研发工程师
1.2,深圳-龙华新区,Python+MySQL 后台开发工程师
2.4,上海-浦东新区,Python高级开发工程师
4.4,北京-朝阳区,Python高级开发工程师
2.7,北京-海淀区,北京-Python人工智能高级讲师
1.1,深圳,Python工程师
1.0,深圳,Python开发工程师
1.2,北京-海淀区,Python开发工程师
1.4,北京-朝阳区,Python系统开发工程师
1.3,广州-番禺区,IT系统工程师（熟悉Python）
0.8,北京-海淀区,python工程师
2.2,上海,Python高级开发工程师
1.2,上海-浦东新区,Python开发工程师
1.5,深圳-南山区,python（大数据 shell） Y
1.2,深圳-南山区,Python开发工程师
1.8,上海-浦东新区,Python Web全栈工程师
1.2,上海,python开发工程师
1.0,上海-浦东新区,Python开发工程师
1.7,深圳-南山区,Python开发工程师
1.6,北京,Python开发工程师
1.7,北京-海淀区,Python 产品设计师
1.6,深圳-福田区,python后台开发
1.7,北京-朝阳区,直聘软件开发Golang /Python
1.4,深圳-南山区,Python开发工程师
0.8,上海-闵行区,运维工程师（python自动化运维）
1.9,北京-海淀区,高级python后台服务研发工程师
0.9,上海-黄浦区,Python工程师
1.1,深圳-南山区,Python开发工程师
1.7,北京-朝阳区,Python工程师
1.4,上海-黄浦区,Python开发工程师
2.8,北京-海淀区,Python开发工程师
1.4,深圳-大鹏新区,Python中级开发工程师
1.2,广州,Python（爬虫）开发工程师
1.3,深圳,Python开发工程师
1.0,北京-东城区,Python软件工程师
1.2,北京-海淀区,python开发工程师
2.1,北京-顺义区,云平台开发工程师（JAVA、Python）
1.1,广州-海珠区,Python服务端工程师/Python开发工程师
0.8,广州,Python开发工程师
1.7,上海-闵行区,高级Python开发工程师
1.2,深圳-南山区,Python开发工程师
1.5,北京,中级Python开发工程师
1.9,上海-长宁区,1571——互娱-Python Web开发工程师-上海
1.9,北京-丰台区,Java/Python高级工程师
0.9,上海,Python开发工程师（技术创新部）
0.9,上海-浦东新区,python数据工程师
1.9,深圳-南山区,python讲师
1.4,广州-越秀区,Python开发工程师
1.2,深圳,Python开发工程师
0.9,广州-天河区,Python高级开发工程师
1.3,北京-丰台区,Python开发工程师
1.2,深圳-南山区,后台开发工程师（C++，Python，go）
1.2,广州-黄埔区,Python开发工程师
1.1,北京-顺义区,Web全栈开发（Python）
0.9,北京-海淀区,Python开发工程师-北京
1.9,深圳-南山区,PHP/python/java开发工程师
1.4,深圳-福田区,python量化交易开发工程师
1.9,深圳-南山区,Python后台开发
1.7,上海-徐汇区,Python教研经理
1.2,深圳-南山区,python/lua开发
2.2,上海,Python开发工程师
0.8,广州-天河区,Python工程师
1.2,异地招聘,Python开发工程师
1.1,上海,Python 讲师（可***可全职）
1.4,北京-朝阳区,高级爬虫工程师（Python）
2.2,上海-浦东新区,高级Python工程师/深度学习
1.2,上海-浦东新区,Python开发工程师
1.4,北京-海淀区,Python开发工程师
2.6,上海-黄浦区,Python高级开发工程师
0.9,北京-海淀区,python web 开发工程师
1.2,深圳-南山区,odoo/Python开发工程师
1.4,深圳,Python后端工程师
1.1,上海-徐汇区,Python 高级开发工程师
2.9,异地招聘,Python工程师（国外）
1.7,深圳-宝安区,python讲师
1.4,深圳-南山区,Python开发工程师
2.1,北京-朝阳区,后台开发工程师（Python）
2.4,广州-天河区,python讲师
2.7,上海-浦东新区,Python架构师
1.2,上海-浦东新区,Python开发工程师
2.7,北京-海淀区,中高级 Python 开发工程师
1.2,深圳,Python开发工程师
2.4,上海-长宁区,月薪20-30K+Python讲师-上海
1.8,广州-天河区,高级python开发工程师
2.3,深圳-龙华新区,Python高级开发工程师
2.1,北京-朝阳区,中高级Python后台（web/后台/运维类）
1.9,北京-朝阳区,python开发（Python/golang/java、Bash）
1.1,深圳-福田区,python开发
2.2,北京-海淀区,Python开发工程师
1.4,深圳-南山区,Python开发讲师
1.2,深圳-福田区,Python开发工程师
1.2,北京-海淀区,Python开发工程师
1.0,深圳,Python开发工程师
1.4,广州-天河区,Python或GO开发
1.0,深圳-龙岗区,双休爬虫开发工程师php开发工程师python开发工程师
1.9,上海-浦东新区,Python开发工程师(Security )
1.1,广州-天河区,Python 工程师
1.4,深圳-南山区,python开发工程师
1.0,北京-东城区,Python开发工程师
0.9,北京-海淀区,软件开发工程师(python/c++)-NDS
1.2,上海-浦东新区,Python开发工程师
1.7,北京-海淀区,Python开发工程师
1.2,上海-浦东新区,python开发工程师
1.7,北京,2018研发--Python 开发工程师J13163
1.4,上海-浦东新区,Python开发工程师
1.6,北京-海淀区,java或python开发工程师
0.9,上海-杨浦区,Python高级开发工程师
2.3,北京-房山区,Python+人工智能讲师
1.2,北京-朝阳区,Python开发工程师(金融外派)
1.7,上海-闵行区,Python开发工程师
1.1,异地招聘,金融云平台Python开工程师
1.0,深圳,Python开发工程师
1.7,北京-昌平区,Python开发工程师
1.0,上海-闵行区,Python 开发工程师
1.9,上海-静安区,高级开发工程师（python爬虫）
1.2,上海,Python工程师
1.2,北京-朝阳区,Python工程师
1.1,上海-浦东新区,Python高级开发工程师
1.2,上海-闵行区,高级python开发工程师
1.7,上海-杨浦区,Python开发工程师
1.2,深圳-南山区,Java开发工程师（Python）
2.1,北京-海淀区,Python开发工程师
1.4,深圳,python 工程师-大数据方向
1.1,上海-徐汇区,Python工程师
1.7,上海,Web 开发工程师 - Python
1.2,上海-黄浦区,Python开发工程师
1.2,深圳-南山区,Python高级开发工程师
1.2,上海-长宁区,Python开发工程师
2.7,上海-黄浦区,Python开发培训讲师（全职或***）
2.1,北京-东城区,Python高级开发工程师（爬虫）
1.9,北京-海淀区,Python开发工程师
2.0,深圳-南山区,Python中高级工程师
1.9,北京-海淀区,Python开发工程师-小米电视
2.1,北京-海淀区,Python工程师
1.9,深圳-南山区,Python开发工程师
1.2,深圳-福田区,Python开发工程师
1.7,广州-天河区,Python开发/爬虫开发工程师
1.7,北京,Python开发工程师(1837)
1.2,深圳-罗湖区,Python开发工程师
1.2,上海,python开发工程师(大数据方向)
1.4,深圳-南山区,Python开发工程师
2.5,北京-海淀区,python工程师
1.3,北京,Java/Python软件工程师.
2.1,上海,高级python开发工程师
2.9,北京,Python高级软件工程师
1.0,北京-朝阳区,中级程序员（Python）
0.9,北京-海淀区,Python开发工程师
1.2,深圳-南山区,Python开发工程师
2.1,深圳-南山区,python爬虫开发工程师
1.4,北京-朝阳区,Python/Golang 工程师
1.2,北京-海淀区,Python高级开发工程师
1.6,广州-天河区,Python高级研发工程师（孵化器公司）
1.1,广州,Python开发工程师
1.7,北京-西城区,Python开发工程师
1.7,北京-海淀区,python高级后台开发工程师
1.7,深圳-龙华新区,Python开发工程师
2.1,上海,爬虫开发（Python语言）
1.2,上海-徐汇区,Python开发工程师
1.2,北京-东城区,Python数据抓取工程师
0.8,广州-天河区,Python web工程师
2.7,北京,Python开发工程师
2.1,上海-徐汇区,Python研发工程师
1.7,上海-闵行区,Python开发工程师
1.4,北京-丰台区,Python后端开发
1.2,上海-浦东新区,Python后端工程师
1.4,深圳-福田区,Python工程师-大数据方向
1.6,深圳-龙岗区,Python/Django后台开发工程师
1.4,深圳-宝安区,游戏服务端Python开发工程师
1.6,广州-番禺区,Python开发（爬虫方向）
1.4,上海-松江区,python开发工程师（区块链）
1.0,上海-宝山区,Python开发工程师
1.7,北京,Python高级开发工程师
1.9,异地招聘,Python开发工程师-苏州智慧
2.9,北京-朝阳区,高级Python 开发工程师（电商方向）
2.2,上海-杨浦区,Python开发工程师
2.3,广州-越秀区,Python工程师
1.5,上海-黄浦区,风险技术经理(Python方向)
1.5,深圳-福田区,数据分析工程师（python）
1.2,广州-白云区,高级Python开发工程师/Django开发工程师/python大数据
1.2,北京,Python培训项目合伙人
1.2,上海-黄浦区,Python开发工程师
1.2,上海,python量化工程师
1.9,上海-长宁区,Python（爬虫)工程师
0.9,北京-昌平区,Python开发工程师
1.2,北京-通州区,Python开发工程师
1.8,上海-浦东新区,高级Python开发工程师
1.2,上海,Python开发工程师
1.7,上海,Python/Odoo高级开发工程师
1.7,北京-海淀区,Python开发工程师(仪器研发类）
1.4,北京-朝阳区,Python开发工程师
3.1,北京-海淀区,算法工程师-C++/Python
1.7,上海-静安区,Python高级开发工程师
0.9,北京-大兴区,python web 开发工程师
1.7,深圳-宝安区,Python开发工程师
2.0,上海-徐汇区,Python 开发工程师
2.1,深圳-福田区,Python后端工程师
4.2,北京-丰台区,Python高级开发工程师
1.6,广州-天河区,Python高级研发工程师（孵化器公司）
1.2,深圳-龙华新区,Python高级开发工程师
3.2,上海-松江区,Python高级开发工程师
1.3,广州-天河区,python爬虫开发工程师
1.9,北京,自动化平台开发岗（PHP/Python）
1.7,上海-浦东新区,Python开发工程师
0.8,北京-海淀区,Python/Golang/Linux C/中高级研发工程师
1.3,上海-杨浦区,资深Python工程师
1.2,上海-浦东新区,Python 后端开发
1.7,上海-浦东新区,Python/R语言方向工程师
1.7,深圳-南山区,Python/C++金融软件开发工程师
1.1,北京-大兴区,Python工程师
2.2,深圳-南山区,Python开发工程师
1.7,北京,Python开发工程师
1.2,上海-浦东新区,Python开发工程师
2.3,上海-静安区,PYTHON爬虫工程师
1.1,北京,Python工程师
1.7,北京-海淀区,Python高级开发工程师
1.2,深圳,python开发工程师-深圳-03622
1.2,北京,python平台开发工程师
2.2,上海-徐汇区,高级Python软件工程师/Python构架师
1.4,北京-东城区,Python开发工程师
2.5,北京-朝阳区,python服务器
2.8,北京-朝阳区,分布式计算开发工程师（Python语言）
2.4,广州,python开发工程（高级）
2.4,北京-丰台区,python研发工程师
1.7,广州-天河区,Python开发工程师
2.1,北京-大兴区,Python开发工程师/讲师
1.0,北京-朝阳区,应用端网络开发运维(Python)
1.2,北京-朝阳区,Python开发工程师
0.9,北京,python文案专员
0.9,北京,python开发工程师(NO.集成1821)
1.7,上海,Python高级开发工程师（团队负责人）
1.2,北京-朝阳区,Python中高级工程师 (360L)
1.1,深圳-福田区,python工程师
1.1,深圳-罗湖区,高级Python开发工程师
2.7,北京-海淀区,python开发工程师-杏石口-wx(1236)
2.8,深圳-南山区,高级Python后端工程师
1.2,上海-杨浦区,Python开发工程师（Odoo）
2.4,北京-海淀区,中级python开发工程师
2.2,北京,高级Python后端工程师
2.4,北京-朝阳区,Python高级开发工程师
0.9,上海-浦东新区,python开发工程师
1.7,异地招聘,python工程师(J10364)
1.9,广州-海珠区,后端开发工程师（Python方向）
1.1,广州-南沙区,Python开发工程师
1.7,深圳-南山区,python培训讲师（专***）
1.4,深圳-南山区,Python全栈开发工程师
2.8,北京-朝阳区,Python开发工程师
1.6,上海-浦东新区,Python开发工程师
2.1,深圳-南山区,Python Web开发工程师
1.7,广州,Python开发工程师
2.6,深圳-南山区,Python软件工程师
1.6,北京-通州区,Python开发工程师
1.2,深圳-福田区,Python开发工程师
1.9,北京-朝阳区,Python工程师
1.4,上海,Python开发工程师
0.8,上海,Python研发工程师
0.9,广州-番禺区,python编程讲师
1.0,深圳-龙岗区,Python开发工程师
1.2,北京-朝阳区,Python开发工程师
1.8,广州,Python高级开发工程师 - AAM703
2.2,异地招聘,高级python开发工程师(投资机器人）
2.1,北京-石景山区,Python开发工程师(006389)
1.9,上海-长宁区,全栈工程师（Python&前端）
0.8,异地招聘,Python开发工程师
1.2,北京-海淀区,python开发工程师
1.2,北京,Python开发工程师
1.7,北京-海淀区,中级python研发工程师_zml
1.0,广州-天河区,Python开发工程师
0.8,广州,Python后端工程师
1.2,深圳-南山区,Python开发工程师
1.0,广州-天河区,Python开发工程师
1.7,北京,Python中级工程师
2.8,上海-黄浦区,Python/Web开发工程师
1.2,异地招聘,Python开发工程师
1.4,上海-浦东新区,Python后端开发工程师
1.7,上海-黄浦区,Python开发工程师
1.7,北京-朝阳区,Python后端开发工程师
1.7,上海,Python工程师
1.4,北京-海淀区,Python开发工程师
0.8,深圳-南山区,Python开发工程师
1.2,深圳-福田区,Python开发工程师
1.7,北京-海淀区,Python高级开发工程师
1.5,上海-静安区,python开发工程师
1.7,深圳,Python开发工程师
1.5,北京-朝阳区,中级Python开发工程师
1.2,深圳-福田区,Python开发工程师
1.0,异地招聘,Python工程师
2.8,上海-徐汇区,大数据应用工程师-Python
1.1,广州-海珠区,python开发工程师
1.4,上海,python/算法/人工智能培训讲师
1.1,广州,Python运维
1.7,上海-浦东新区,Python开发工程师
1.7,北京-海淀区,python高级工程师
2.4,北京-海淀区,高级python开发工程师
1.5,深圳,Python开发工程师
0.9,广州-荔湾区,Python开发工程师
1.5,上海-杨浦区,Python工程师
1.2,上海-浦东新区,自动化测试工程师python、c
4.2,上海-黄浦区,算法工程师
1.3,上海-徐汇区,自动化简历
2.4,上海-浦东新区,区块链技术Linux高级研究员
1.5,北京,大数据开发工程师(J17147)
1.6,上海-浦东新区,PHP高级开发工程师
0.9,深圳-宝安区,测试工程师
2.3,上海-长宁区,资深运维工程师
1.1,深圳,测试工程师
1.7,北京,测试开发工程师——专车事业部J12302
3.4,上海-徐汇区,大数据研发工程师（ETL ）
2.2,广州-天河区,高级软件工程师（爬虫技术方向）
1.7,北京-丰台区,大数据工程师
2.1,深圳-福田区,大数据运维工程师(J11123)
1.9,广州-海珠区,数据分析师
2.6,深圳-宝安区,PHP研发经理
1.4,深圳-南山区,嵌入式软件工程师
1.0,异地招聘,软件测试工程师
1.0,上海-徐汇区,00041-高级数据运营专员
1.0,广州-天河区,React Native 开发工程师(004226)
2.9,上海,智能风控系统技术/数据管理经理
2.4,深圳-福田区,区块链高级开发工程师
1.2,上海-徐汇区,运维工程师
1.2,上海-徐汇区,运维工程师
0.9,广州-天河区,运维测试工程师
0.9,北京,大数据工程师
1.4,广州-海珠区,爬虫开发工程师
1.1,上海-虹口区,HTML5开发工程师
1.7,上海,数据分析师
2.8,上海-浦东新区,高级研发工程师 -- 文件信息提取方向
2.6,上海-浦东新区,高级算法工程师（机器学习）
3.4,深圳-南山区,风控经理
0.9,北京,软件测试工程师（11663）
1.2,广州-天河区,高级前端开发工程师
1.7,深圳-南山区,算法工程师
2.3,上海-静安区,爬虫开发工程师/高级工程师
1.2,上海-黄浦区,文本挖掘工程师
1.2,上海,Java开发工程师
0.9,上海-徐汇区,软件测试工程师
2.4,上海-浦东新区,高级数据解决方案顾问（券商服务）
0.9,上海-宝山区,软件工程师-互联网金融方向
0.9,北京-昌平区,生物信息分析工程师
1.1,上海-浦东新区,测试工程师
1.1,北京,软件测试工程师（FBSwjw）
1.2,广州-天河区,大数据开发工程师
1.9,上海,系统开发工程师(001558)
2.4,上海-静安区,资深PHP后端开发/Senior PHP Back-End Developer
1.2,上海-徐汇区,Java后端开发工程师
1.5,北京-丰台区,测试经理（可利邦公司）
0.9,上海-徐汇区,算法工程师（应届生）
1.4,广州,数据库工程师
1.7,深圳-南山区,算法工程师
0.8,上海-普陀区,售前技术支持
1.4,北京-朝阳区,测试工程师
1.2,北京-海淀区,硬件工程师（机器人研发方向）
1.2,北京,Linux运维工程师
1.9,深圳-南山区,反欺诈策略资深分析师
1.7,北京-海淀区,Android 开发工程师
1.1,北京-朝阳区,.NET开发工程师
1.4,北京-朝阳区,LB3-技术支持工程师
2.4,上海-浦东新区,数据经理
1.3,上海-浦东新区,Java中/高级开发工程师
1.7,上海-普陀区,运维工程师
0.7,上海-闵行区,ERP工程师
0.8,北京-昌平区,调研员(J10891)
2.7,深圳-南山区,高级运维经理
1.2,北京-海淀区,自动化  性能测试工程师
1.8,上海-浦东新区,高级运维工程师
1.2,深圳-龙岗区,运维工程师
1.7,上海-浦东新区,数据分析师
1.4,深圳-福田区,Java工程师
1.4,上海-松江区,运维开发工程师
1.2,上海-长宁区,测试工程师
1.2,深圳-南山区,测试主管
1.2,广州-海珠区,高级爬虫开发工程师
2.1,北京-海淀区,视觉算法工程师
1.2,北京-海淀区,机器视觉算法工程师
1.2,北京-朝阳区,高级网络工程师
1.2,上海-浦东新区,区块链初级工程师
1.9,北京-朝阳区,大数据开发工程师
1.0,深圳-南山区,测试工程师
1.7,深圳-南山区,前端开发工程师
1.4,深圳-南山区,数据分析师(舆情)
2.1,上海,高级数据架构师
2.2,北京-丰台区,数据挖掘工程师
1.2,北京-朝阳区,软件测试工程师
0.8,深圳-南山区,软件测试工程师
2.9,北京-海淀区,高级研发经理
2.8,上海-徐汇区,深度学习算法工程师
2.2,上海-松江区,MMI工程师
2.1,上海-浦东新区,高级DBA工程师
1.9,北京-朝阳区,JAVA高级工程师
1.2,深圳-南山区,测试工程师
1.0,深圳,高级测试工程师
1.2,北京-海淀区,安全运维工程师
1.7,深圳-南山区,机器视觉算法高级工程师
1.2,上海-静安区,Electronic Engineer/电子工程师
1.8,上海-浦东新区,网络工程师(J10821)
1.5,上海-静安区,软件高级开发工程师
0.9,深圳-宝安区,软件工程师
1.1,广州,BI工程师
1.2,上海,"Senior Engineer, Reliability Engineering(R&D)"
1.7,上海-浦东新区,算法工程师
0.9,北京-西城区,业务运维
1.7,广州-白云区,高级运维工程师
2.1,北京-朝阳区,高级软件工程师（C语言）
1.2,上海-静安区,运维经理-PM
3.1,上海-徐汇区,算法工程师/深度学习研究员
1.2,上海,爬虫开发工程师
1.9,北京-丰台区,高级运维工程师
1.7,广州-天河区,Devops
1.2,上海-浦东新区,高级手游运维工程师
1.5,深圳-福田区,C++服务器开发 C++游戏开发
1.7,上海-静安区,金融工程师（量化策略）
1.4,上海-静安区,linux运维高级工程师
0.9,深圳-南山区,测试工程师
1.1,上海-黄浦区,量化研究员
1.1,上海-浦东新区,数据分析师
0.9,北京-海淀区,高级性能测试工程师
1.7,上海-杨浦区,数据库工程师（DBA）
1.7,上海-闵行区,测试经理/测试主管
0.9,上海-闵行区,HTML5开发工程师
1.2,上海-普陀区,前端开发工程师
1.8,深圳-宝安区,运维工程师
0.9,广州-天河区,测试经理
1.1,上海,Linux应用开发工程师（上海）
1.9,深圳-南山区,CIE持续集成工程师
1.2,北京-海淀区,爬虫工程师
1.0,北京-昌平区,C++ 软件开发工程师（机器学习方向）
0.9,北京-西城区,高级运维工程师
0.8,广州-天河区,Go语言开发工程师
1.4,广州-黄埔区,运维主管
2.9,深圳-龙华新区,C++棋牌开发主程
1.3,上海-长宁区,运维工程师
3.4,上海,后端架构师
1.2,上海-虹口区,量化金融软件工程师
2.9,上海-浦东新区,大数据风控高级经理
1.2,上海,导航算法工程师
1.9,深圳,高级运维工程师
2.4,上海,JAVA技术经理
1.2,北京-朝阳区,Technical Artist 技术美术
2.6,上海-杨浦区,Java架构师
1.4,上海-普陀区,ue4特效
1.0,上海-浦东新区,系统运维工程师
1.2,上海-松江区,算法工程师
1.4,北京,人工智能讲师
2.7,北京-海淀区,算法工程师（北京）
2.4,上海-徐汇区,DevOps （高级）工程师（徐家汇6个月项目）
1.7,广州,高级开发运维工程师
1.0,广州-天河区,运维工程师
1.1,广州-天河区,系统运维工程师
1.1,深圳-罗湖区,软件测试工程师
1.4,广州,网络安全主管
0.9,深圳-福田区,基金研究员
1.2,深圳,java高级工程师
1.6,深圳-南山区,后端开发工程师
1.2,广州-天河区,资深软件测试工程师
2.1,北京-朝阳区,算法工程师
1.4,深圳-南山区,机器学习算法工程师（实习/全职）
2.2,深圳,大数据系统开发工程师
1.2,北京,Linux 开发工程师
1.2,异地招聘,智能客服策略
0.9,上海-徐汇区,WEB工程师
2.7,上海-长宁区,高级数据分析师
1.2,深圳-福田区,区块链工程师
1.4,深圳-南山区,Java开发工程师
1.7,深圳-南山区,Senior Automation Development高级自动化开发工程师
0.8,北京-朝阳区,数据挖掘
1.7,广州-海珠区,大数据开发工程师
0.6,广州-番禺区,服务端开发工程师
1.9,上海-浦东新区,Embedded software engineer
1.3,广州-番禺区,资深DBA
2.2,深圳-福田区,高级运维工程师
1.2,深圳-福田区,测试工程师（接口、自动化）
0.9,上海-杨浦区,影像测量与数据管理技术员
1.6,上海-静安区,数据分析工程师
0.9,深圳-南山区,技术支持工程师
1.2,上海-浦东新区,数据库工程师（世博大道）
2.1,上海-浦东新区,高级NodeJS后端开发
1.1,上海-静安区,数据开发工程师
3.4,深圳-南山区,风控经理
1.7,上海,系统运维工程师
0.8,北京,系统运维工程师
2.2,上海-杨浦区,运维工程师
1.2,上海-闵行区,大数据开发工程师Q7616
1.8,上海,Gameplay Programmer 游戏程序
1.8,北京-海淀区,前端开发工程师
0.9,北京-海淀区,期货运维工种师
1.2,深圳-南山区,C++开发工程师
1.2,广州-越秀区,数据工程师
1.2,广州,自动化测试工程师
1.0,上海-松江区,配置管理工程师
1.5,上海-浦东新区,嵌入式软件工程师（Linux方向）
1.7,上海-徐汇区,运维工程师
1.4,上海,自动化测试工程师
0.8,深圳-福田区,测试工程师（外包）
1.4,广州-天河区,高级系统测试工程师（事业二部）
1.2,广州,测试工程师
2.1,北京-朝阳区,数据可视化开发工程师
2.1,广州-天河区,运维工程师
2.2,上海-宝山区,运维工程师
3.4,上海,云计算Paas高级开发工程师
0.7,广州,WEB前端开发
1.1,北京-昌平区,测试工程师
1.7,深圳-罗湖区,系统运维资深工程师
1.9,异地招聘,高级软件架构工程师
1.7,上海-杨浦区,中高级测试工程师
1.4,上海,Node.js工程师
1.2,深圳-福田区,前端开发工程师
1.0,上海-浦东新区,软件测试工程师
0.7,深圳-南山区,实施工程师
1.3,上海-浦东新区,自动化测试工程师
2.1,深圳,运维经理
1.7,深圳-光明新区,系统开发工程师
1.2,北京-朝阳区,自动化测试工程师
1.2,北京-海淀区,运维工程师（阿里云/云效工程师）
1.5,上海-浦东新区,测试主管
1.6,广州-番禺区,网站开发经理（熟悉前后端）
3.4,北京-朝阳区,区块链研发
1.4,上海-静安区,游戏服务器工程师
1.7,北京-海淀区,芯片逻辑设计工程师
1.2,深圳-南山区,资深运维工程师
1.2,上海-浦东新区,中级大数据研发工程师
2.8,上海-浦东新区,Java架构师
0.8,广州-番禺区,机器人老师/创客老师
1.6,上海-徐汇区,高级C++开发工程师（机器人方向）
1.2,深圳-南山区,后台开发工程师
0.6,深圳-南山区,软件工程师（应届生）
1.7,上海-闵行区,数据处理工程师
1.2,北京-西城区,软件测试工程师（懂app测试）
2.2,广州-天河区,DevOps开发
1.4,深圳,前端开发工程师
0.9,广州-天河区,产品软件测试工程师
1.2,深圳,软件工程师
0.9,上海-普陀区,生物信息工程师
1.4,北京-海淀区,初级开发工程师
0.9,北京-大兴区,大数据集群维护
1.9,上海-黄浦区,大数据科学家（互联网金融方向）
1.2,上海,Web前端开发工程师
1.5,异地招聘,初/中/高级安全工程师
0.8,深圳-南山区,运维开发工程师
3.2,深圳-南山区,量化策略师
3.8,深圳-南山区,资深软件工程师
1.7,北京-海淀区,物联网云平台负责人
1.9,深圳-福田区,后台开发工程师
1.4,上海-徐汇区,数据信息库维护工程师
2.1,北京-海淀区,算法工程师
1.2,北京-朝阳区,C++开发工程师
1.2,上海-普陀区,软件测试工程师
1.1,上海,手机/安卓 安全工程师-Mobile Security Evaluator
1.2,深圳-南山区,大数据运维工程师
0.9,深圳-罗湖区,系统运维工程师
1.8,广州-荔湾区,前端工程师
2.1,深圳-南山区,大数据存储高级工程师
1.4,上海,区块链研发工程师
1.5,上海-浦东新区,生物信息高级研究员
1.1,深圳-福田区,系统运维工程师
1.4,北京-海淀区,前端开发工程师
1.6,上海-浦东新区,软件测试工程师（计算机视觉方向）
0.8,上海-宝山区,BI工程师
1.3,广州-天河区,游戏运维主管/高级游戏运维工程师
0.8,广州-天河区,运维开发
0.9,深圳-宝安区,GIS开发工程师
1.2,深圳-龙岗区,软件测试工程师
0.9,北京-西城区,网络安全工程师
2.1,上海-浦东新区,售前系统工程师
1.7,深圳-南山区,资深爬虫研发工程师
0.9,上海-浦东新区,结构生物学/蛋白质晶体学解析研究员
2.7,上海-浦东新区,人工智能处理专家
1.2,广州,生物研发工程师
1.1,北京-海淀区,性能测试工程师
0.9,广州-番禺区,Web前端开发工程师
1.1,广州-天河区,Splunk 开发工程师（大数据、安全）
1.1,上海-徐汇区,Java工程师/后端工程师/Java高级工程师
0.9,上海,系统工程师/高级系统工程师
1.4,上海,高级运维工程师
1.1,上海-杨浦区,测试工程师
1.4,上海-浦东新区,数据库运维
1.8,上海-浦东新区,H5开发工程师
1.5,广州-番禺区,资深软件工程师
1.2,广州,高级软件测试工程师
0.9,深圳-南山区,硬件工程师
1.2,广州-天河区,ETL开发工程师
2.2,上海-浦东新区,大数据平台资深工程师
0.8,深圳-南山区,夜班量化交易员
3.2,上海-浦东新区,系统架构师
1.2,深圳,服务器运维工程师
1.7,上海-嘉定区,SLAM软件工程师
1.1,深圳,后台开发工程师
1.9,广州-南沙区,Java高级软件工程师-急聘
1.2,上海-浦东新区,量化研究员
1.4,上海-浦东新区,算法工程师
1.4,深圳,算法工程师
1.2,北京-昌平区,临床解读工程师
1.9,深圳-南山区,区块链工程师
1.5,广州-天河区,云实施工程师
1.4,上海-浦东新区,工程师/分析工程师
1.2,北京-海淀区,Devops运维工程师(011257)
1.0,上海-静安区,算法工程师
0.9,上海,数据分析师
1.2,北京-朝阳区,算法工程师
1.4,上海-长宁区,Java开发工程师
0.7,广州-黄埔区,软件工程师
1.7,深圳,C++服务端工程师
1.4,上海-徐汇区,软件自动化测试工程师(J11278)
1.2,上海-徐汇区,渗透测试工程师
1.7,上海-杨浦区,软件工程师
1.3,上海,自动化测试
1.1,广州-黄埔区,Android开发工程师
0.9,上海,数据工程师
1.1,上海,资深测试（CQC方向）
0.8,上海-静安区,解算师
1.0,上海-长宁区,网络工程师（售前/售后）
1.4,广州-天河区,Web前端开发工程师
1.7,上海-浦东新区,网金-运维开发工程师
0.7,深圳-宝安区,Linux工程师
1.2,上海-普陀区,运维工程师
2.2,广州-天河区,Golang开发工程师
1.2,北京-海淀区,驱动工程师
2.1,深圳-南山区,大数据开发工程师
3.1,北京,NLP算法工程师
1.1,上海-徐汇区,硬件/IC测试工程师 Application Engineer
1.9,上海-浦东新区,Mysql DBA
1.1,北京-朝阳区,三维动画师
1.1,广州,后端开发工程师
1.2,上海-长宁区,运维工程师
1.7,深圳-福田区,大数据工程师
1.7,广州-天河区,技术副总监
2.2,北京-海淀区,金融工程师
1.7,北京-海淀区,高级QA工程师
0.9,北京-朝阳区,配置管理工程师
1.2,上海-徐汇区,windows应用软件工程师
1.4,北京,高级测试工程师
3.4,上海-杨浦区,技术总监
1.4,深圳-南山区,运维工程师
1.5,北京-海淀区,视觉算法工程师
1.1,深圳-南山区,C++
1.7,北京-朝阳区,IT系统工程师
0.8,北京,数据分析师
0.8,深圳,嵌入式产品开发工程师
1.9,北京-海淀区,网络爬虫工程师
0.9,上海-闵行区,PHP开发工程师
1.4,广州-天河区,运维主管
1.2,上海-徐汇区,大数据开发工程师
1.2,上海-宝山区,运营维护
1.1,异地招聘,高级测试工程师
2.0,广州-番禺区,前端开发高级工程师
1.2,北京-朝阳区,软件测试工程师
1.2,北京-丰台区,PHP开发工程师
1.2,广州-天河区,Java高级开发工程师
2.7,深圳-南山区,资深安全开发专家
1.6,上海-浦东新区,高级测试工程师
1.0,上海,生物信息分析工程师
3.4,上海-徐汇区,系统开发经理
0.8,深圳-福田区,中级测试工程师
1.7,上海-闵行区,高级渗透测试工程师
1.1,深圳,中级前端工程师
1.4,异地招聘,机器学习算法工程师
1.2,北京,初级/中级/高级PHP工程师
0.8,广州-海珠区,数据库开发
1.9,上海,数据管理经理
2.7,上海,量化投资经理（投资公司）
1.2,深圳-南山区,安全测试工程师 （软件测试工程师）恒大外包
1.4,深圳-龙岗区,Java开发工程师
1.2,上海,运维工程师
1.9,深圳-龙岗区,风险政策经理
0.8,广州,前端开发工程师
2.1,上海-徐汇区,Go工程师
1.4,上海,运维工程师(运维开发方向)
1.4,上海-闵行区,Web前端开发工程师
1.4,上海-青浦区,嵌入式软件开发工程师
3.8,深圳-福田区,高级区块链开发工程师
1.7,北京,Linux图形化软件开发工程师
1.6,上海-浦东新区,BI工程师
1.4,广州,爬虫工程师
1.2,上海-宝山区,Html5 Web前端开发
1.9,上海-浦东新区,安全工程师
1.7,北京-朝阳区,中级运维工程师
2.2,深圳-宝安区,高级架构设计工程师
2.7,北京,高级服务器开发工程师
1.9,北京-海淀区,C++软件工程师(工作地点中关村)
1.7,深圳,资深数据分析师
0.9,深圳,Android开发工程师
2.2,深圳-南山区,算法工程师
1.7,上海,系统实施分析师
2.2,北京,Mysql DBA
2.2,北京-海淀区,Mysql DBA
1.2,北京-海淀区,大数据工程师-CE智能系统部
1.7,广州-天河区,大数据算法工程师
1.2,上海-浦东新区,高级前端开发工程师
2.5,北京,测试开发高级工程师
1.2,北京-朝阳区,中级测试工程师
1.2,深圳-龙华新区,项目经理
1.6,上海-黄浦区,研发经理
0.9,广州-荔湾区,系统运维工程师
1.4,北京-丰台区,中级运维工程师
2.4,深圳,全栈工程师
3.5,上海-浦东新区,无人驾驶/adas导航算法工程师
1.4,北京,群体智能算法工程师
1.8,上海,大数据高级工程师
2.2,上海,振华智慧——算法工程师
2.6,上海-闵行区,软件测试工程师
1.2,北京-大兴区,基础运维工程师（大数据，数据库）(J13727)
1.7,异地招聘,嵌入式软件工程师
1.2,北京-朝阳区,自动化测试工程师
1.1,上海-奉贤区,IT主管
1.1,异地招聘,前端开发
2.1,深圳-南山区,c++手游后端工程师
1.2,北京-东城区,Openstack运维工程师（北京）
1.2,上海,Web前端开发工程师
2.1,北京-海淀区,软件测试开发工程师
1.7,异地招聘,互联网开发工程师
1.7,上海-闵行区,机器人软件高级开发工程师
1.2,北京-海淀区,C++开发工程师
1.7,上海-浦东新区,Spark 开发（Hadoop，Spark核心，Spark SQL，Hive)
1.6,异地招聘,AI应用开发工程师
1.2,深圳-南山区,erlang(游戏）后端工程师
0.9,北京,运维工程师
1.7,上海-浦东新区,APP产品经理
1.2,北京,运维工程师（数据方向）--运营支持-北京-04023
0.8,北京-海淀区,安全工程师
1.9,上海,机器学习工程师
2.8,北京-海淀区,前端架构师
1.0,广州-天河区,测试工程师
1.7,深圳-宝安区,web前端工程师
1.2,北京-海淀区,测试工程师
2.7,北京-朝阳区,技术总监
1.2,上海-静安区,金融工程师
1.9,北京-朝阳区,高级开发工程师（java）方向
1.9,上海-徐汇区,高级网络信息安全工程师
1.2,广州,游戏运维工程师
3.8,深圳-南山区,区块链首席架构师 （高薪急聘）
1.9,上海-闵行区,手游前端H5/Cocos-js工程师
0.9,广州-天河区,PHP开发工程师
1.0,上海-杨浦区,软件测试工程师
0.9,北京-朝阳区,运营专员数据分析
1.4,北京-大兴区,人工智能工程师
1.2,北京-朝阳区,运维工程师
2.6,上海-浦东新区,资深运维工程师
1.7,北京-朝阳区,高级软件自动化测试工程师
0.8,上海-虹口区,售后实施工程师（直播平台售后支持）
1.7,北京,质控中心-高级数据分析工程师(J13489)
1.9,北京-海淀区,后端研发工程师
1.7,上海-闵行区,JAVA高级IT工程师-电商
1.7,北京,Hadoop大数据开发工程师J10336
2.4,上海-闵行区,Java开发工程师
1.2,上海,JAVA/大数据 开发工程师
1.7,上海-浦东新区,算法工程师
2.4,上海-浦东新区,机器学习算法工程师
0.9,北京-海淀区,大数据开发工程师
1.2,上海,高级测试开发工程师
0.8,广州,Android开发工程师
1.4,上海-浦东新区,运维工程师
2.8,上海,资深爬虫工程师
2.8,深圳-南山区,Computer Vision Engineer
1.9,上海-浦东新区,嵌入式固件工程师
3.8,深圳-南山区,机器学习工程师
1.9,上海-普陀区,资深ETL工程师
1.9,深圳,高级性能测试工程师
1.2,北京,软件测试工程师.
2.6,北京-朝阳区,Node.js 服务器开发
0.9,广州-天河区,运维工程师
0.8,深圳-福田区,软件测试工程师
1.7,上海-浦东新区,系统运维工程师
1.2,广州-海珠区,高级运维工程师
1.9,上海-浦东新区,安全工程师（出行易）
1.7,北京-石景山区,Web安全工程师
0.8,深圳-福田区,软件测试工程师 SQA
1.2,上海,108软件开发工程师 /BSW Engineer
0.9,广州,安全渗透测试工程师
2.2,上海-浦东新区,物联网网关程序员
1.0,北京-朝阳区,高级测试工程师-00003
1.3,异地招聘,大数据软件工程师
1.0,北京-海淀区,linux安全开发工程师
1.1,深圳,VFX 特效师
0.9,深圳-南山区,软件测试工程师
1.1,北京-海淀区,软件工程师
1.1,上海-徐汇区,数据库工程师
1.3,上海-徐汇区,自动化测试
1.4,深圳-龙华新区,运维工程师
1.2,深圳-南山区,游戏测试工程师
1.7,北京,Physical design
2.1,深圳-福田区,SDN (SD-WAN) 研发工程师 (深圳)
1.8,深圳,高级系统运维工程师（Windows）
1.2,深圳-南山区,高级测试工程师
1.9,北京,图像算法
1.2,上海,生物信息分析研究员
2.4,上海-长宁区,.Net高级软件工程师
1.7,北京,DBA工程师
1.4,深圳-南山区,高级测试工程师
0.9,上海,运维工程师（黄浦 急聘）(000682)(000809)
1.9,上海-浦东新区,建模工程师
2.9,广州-海珠区,资深服务器端开发
0.8,上海-徐汇区,量化研究员
1.3,深圳,IT技术支持（深圳）
1.7,广州-天河区,APP测试工程师
1.9,北京,php开发工程师
1.2,北京,Linux驻场运维工程师
1.2,上海-浦东新区,Linux运维工程师
1.0,北京-朝阳区,部门TD
1.2,北京-海淀区,区块链技术与评测工程师
1.2,广州-天河区,运维开发工程师
1.7,上海-长宁区,Sales Engineer / 技术支持工程师
1.7,北京-海淀区,JAVA开发工程师
1.7,广州-天河区,算法工程师
1.3,广州-天河区,㊣㊣㊣ 服务器运维工程师 ㊣㊣㊣
1.2,深圳-南山区,C++软件工程师
2.1,上海-闵行区,Java高级开发工程师-主管
1.7,北京,Web前端开发工程师
1.4,北京-海淀区,算法工程师
3.2,上海,高级SDN控制器研发项目经理
2.2,上海-杨浦区,高级嵌入式软件工程师
1.2,上海-闵行区,软件运维工程师
1.9,北京-朝阳区,中级系统运维工程师
1.2,北京-朝阳区,大数据开发工程师
1.3,深圳-南山区,C++开发工程师
4.1,北京-东城区,研发总监
1.7,上海,UA数据分析师
3.4,北京-海淀区,数据分析师
1.2,上海-黄浦区,高级自动化测试工程师
0.9,深圳-南山区,数据库管理/DBA
1.9,深圳-福田区,高级软件测试工程师
1.1,北京-朝阳区,渗透测试工程师
1.0,深圳-龙华新区,安全测试工程师
1.0,广州-天河区,Java开发工程师
1.4,上海-杨浦区,中级测试工程师
1.3,广州,软件工程师（大数据方向）
1.3,上海-闵行区,嵌入式Linux开发工程师
2.4,广州-天河区,R&D Engineer - 研究及开发工程师
1.4,上海-杨浦区,运维工程师
3.3,上海,Sr. Embedded Software Engineer
2.1,北京,ASIC STA工程师-北京
2.1,上海-闵行区,GO语言开发工程师
1.7,上海-长宁区,高级前端开发工程师
0.8,上海-长宁区,数据工程师
1.7,上海-徐汇区,Java开发工程师
1.2,广州,前端开发工程师
3.4,深圳-南山区,cocos2d-x高级开发工程师
2.1,深圳-南山区,DBA数据库开发
1.0,上海-杨浦区,中级运维工程师
1.7,上海-静安区,资深C++服务器工程师
1.1,上海,Sales Data Engineer
1.2,北京-朝阳区,测试工程师（偏后台）
1.4,深圳-南山区,运维经理
0.9,上海-杨浦区,数据分析师
1.1,广州-黄埔区,数据分析师（金融行业）
1.3,上海-普陀区,Linux高级运维工程师
0.8,上海-普陀区,运维工程师
1.1,深圳-南山区,软件测试工程师
1.2,广州-天河区,OpenStack研发工程师
1.1,上海-虹口区,大数据分析(J12972)
1.1,深圳-南山区,IT培训师
1.2,广州,HTML5开发工程师
1.6,上海-徐汇区,Linux运维工程师
1.8,北京-海淀区,"Synopsys R&D Engineer_C/C++_OPC,mask synthesis"
1.4,上海-杨浦区,软件开发工程师
1.4,上海-徐汇区,测试开发工程师
1.2,广州,系统开发工程师
1.4,北京-朝阳区,Web前端高级工程师
2.1,广州-越秀区,高级医学经理
1.0,上海-浦东新区,量化投资
2.6,上海-徐汇区,资深人工智能算法工程师
0.9,深圳-南山区,硬件工程师（研发）
1.2,深圳-南山区,软件工程师/上层软件开发（急招）
1.2,上海-徐汇区,运维开发工程师（Java）
0.9,上海-浦东新区,软件测试工程师
1.0,上海-长宁区,Linux系统/运维工程师
1.9,广州,自动化测试/测试组长
1.4,上海-浦东新区,生物信息工程师（医学检验所）
2.2,上海,Windows高级研发工程师
0.8,上海-闵行区,软件测试工程师
1.3,上海-徐汇区,前端开发工程师
2.2,上海,高级/资深风控模型分析师(J11028)
1.2,上海,大数据开发工程师
1.1,上海-杨浦区,SCM软件配置管理工程师
0.9,上海,硬件测试工程师
0.9,北京-海淀区,算法工程师（算法支撑方向）
1.0,上海-松江区,高级运维工程师
2.0,上海-静安区,资深测试工程师（自动化）
0.7,上海-青浦区,运维工程师（应用方向）
2.1,广州-天河区,c++(lua)服务端工程师（资深）
1.9,深圳,量化工程师
1.8,北京-海淀区,CAE工程师
1.7,广州-天河区,odoo开发工程师
4.1,上海-普陀区,系统架构师
1.1,广州-黄埔区,前端开发工程师
2.1,北京-丰台区,高级研发工程师
1.2,深圳-南山区,运维工程师
0.8,深圳,Java中级软件工程师
1.2,深圳-南山区,测试工程师
1.1,北京-海淀区,软件研发工程师
1.9,广州-天河区,系统架构师
1.1,深圳-南山区,自动化测试工程师
1.2,北京,工业物联网解决方案高级测试工程师
1.9,广州-天河区,软件开发工程师
1.2,上海-徐汇区,软件集成工程师
2.8,上海-黄浦区,研发总监(paas方向 )
2.0,上海-闵行区,高通平台 驱动工程师
1.7,广州-天河区,大数据架构师
1.7,深圳-南山区,云平台高级开发工程师
0.9,广州-天河区,数据挖掘工程师
2.1,上海-浦东新区,Senior/MTS ASIC Design Verification Engineer
1.7,上海,Application Support Engineer
4.4,北京-海淀区,SDN软件（资深）架构师
1.5,上海,大数据开发工程师（上海）
1.7,深圳-南山区,项目经理
1.2,广州-番禺区,智慧交通算法工程师
1.7,上海-徐汇区,高级海外运维工程师
1.2,深圳,软件工具开发工程师
1.7,深圳-龙华新区,算法测试工程师
1.2,上海-浦东新区,芯片验证工程师
2.2,深圳,博士后（物联网方向）
1.4,深圳-南山区,运维工程师
1.2,北京,高级测试工程师
4.1,上海,自然语言处理工程师
1.6,北京-昌平区,自动化测试工程师
0.9,上海-黄浦区,GIS
0.9,上海-浦东新区,运维工程师
1.4,深圳,运维工程师
1.9,北京-大兴区,自动化运维开发工程师
1.2,上海-浦东新区,智能软件集成工程师-上海
1.3,深圳-南山区,测试工程师（中级）
1.7,北京-海淀区,高级运维工程师-HX
1.2,深圳-福田区,开发（C# .net）
2.2,上海-闵行区,高级数字设计工程师
1.4,上海-嘉定区,风控建模师（IT策略）
1.2,上海-嘉定区,风控建模师
1.2,北京-海淀区,PHP高级开发工程师
2.4,上海-松江区,大数据工程师
1.9,上海-长宁区,中高级测试工程师
1.9,上海-长宁区,数据挖掘工程师
1.2,深圳-福田区,Linux高级运维工程师
1.2,北京,高级测试工程师/测试工程师
1.2,深圳-龙岗区,信息安全工程师
1.7,上海-浦东新区,算法工程师（视觉方向）
2.4,北京-朝阳区,开发经理
0.8,上海,东证期货-期货项目管理岗
1.4,深圳-龙岗区,后台开发工程师
2.8,上海-嘉定区,测试经理（偏硬件）
1.7,北京-朝阳区,数据仓库工程师
1.0,深圳-南山区,服务器运维工程师
1.0,深圳,服务器运维工程师
2.7,异地招聘,通信工程师（海外职位）
2.2,上海-长宁区,数据分析师
2.7,深圳-南山区,机器视觉 QT/C++架构师
1.4,广州-海珠区,游戏服务端程序
0.9,北京-朝阳区,数据库管理工程师
1.6,上海-松江区,激光导航算法工程师
1.4,上海-长宁区,Android驱动开发工程师
1.7,北京-海淀区,Java 大数据方向
1.2,上海-徐汇区,高级开发工程师（后端开发）
1.2,北京-大兴区,运维开发工程师(J10472)
1.8,深圳-南山区,数据分析师/高级数据分析师
1.1,上海-静安区,数据库工程师ETL工程师
0.8,广州-海珠区,GO语言开发工程师
0.9,北京-东城区,数据库管理人员
1.4,上海-虹口区,java软件开发工程师（中高级）
1.2,深圳-龙岗区,ERP软件工程师
1.2,异地招聘,软件开发工程师
1.5,上海-静安区,前端开发工程师
1.4,上海-松江区,Java高级开发工程师
1.2,广州-黄埔区,双休 PHP工程师
2.8,上海-浦东新区,运维工程师
1.4,上海-长宁区,U3D开发工程师
1.4,北京-海淀区,区块链研发工程师
1.3,上海-浦东新区,高级测试工程师
0.8,深圳-宝安区,数学技术模型工程师
2.1,异地招聘,系统架构师
1.4,深圳-福田区,高级策略分析师
2.1,北京-海淀区,高级Linux C/C++软件工程师
1.9,广州-天河区,区块链开发工程师
2.1,广州,大数据架构师
1.2,北京-东城区,软件工程师
1.0,深圳-南山区,测试工程师
2.8,广州-越秀区,架构师
0.7,上海-长宁区,方案解决工程师
1.1,上海-浦东新区,高级LINUX管理员
0.7,异地招聘,C++开发工程师
2.2,上海,技术总监
2.2,广州-天河区,Web前端开发工程师
1.4,北京,Android安全开发工程师
1.6,北京-海淀区,Linux驱动开发
1.9,上海,NodeJS工程师
1.9,上海-徐汇区,网络架构师
1.2,上海,设备集成应用开发工程师
1.2,广州-越秀区,资深系统运维
1.2,上海-浦东新区,HTML5开发工程师
1.2,上海,测试工程师
1.9,北京-朝阳区,高级后端开发工程师
1.8,深圳-福田区,数字芯片设计师
1.2,深圳-龙岗区,助教-数据科学硕士项目
1.2,上海-浦东新区,数据库工程师
1.1,北京-海淀区,自动化测试工程师
1.4,上海,高级数据分析师
1.2,上海-徐汇区,游戏QA测试主管
1.3,深圳-龙岗区,Java开发工程师
1.2,深圳-福田区,网络金融部iOS测试工程师
1.7,上海-浦东新区,Java高级开发工程师/JAVA
3.4,上海-浦东新区,资深SoC 芯片前端工程师
0.6,深圳-罗湖区,软件工程师（金融交易）
1.7,上海-浦东新区,中高级系统运维工程师
1.2,上海-静安区,运维工程师
0.8,北京-东城区,前端开发工程师
1.4,深圳-南山区,C#应用开发工程师
0.8,深圳,运维工程师
1.2,北京-朝阳区,游戏运维工程师
1.7,上海,Cocos2d-x客户端开发工程师
1.2,北京-昌平区,生物信息分析研究员
0.9,广州-天河区,数据分析师
1.2,上海-闵行区,U3D游戏客户端（手游）
2.6,上海,BI工程师
1.4,深圳-龙岗区,软件测试工程师
0.9,深圳,NC服务工程师
1.2,上海,数据库开发工程师
1.7,广州-花都区,java高级软件工程师
1.2,北京-海淀区,配置管理工程师
2.4,深圳-福田区,后台开发
0.8,北京-海淀区,网络安全工程师
1.2,北京-海淀区,大数据工程师
1.2,广州-海珠区,PHP高级开发工程师 10k-15k/月
1.9,深圳-龙岗区,IT运维经理
1.2,北京-西城区,急聘--软件测试工程师
1.2,广州-越秀区,数据分析师
1.8,深圳-南山区,中级后端开发工程师
1.7,广州,Mysql DBA
0.8,上海-浦东新区,Linux系统工程师
0.8,深圳-南山区,运维工程师
2.4,异地招聘,SOC 设计和验证资深工程师
0.9,上海,软件测试工程师
0.8,上海,Oracle管理员DBA(急聘)
2.7,上海-徐汇区,大数据分析建模师
0.8,广州,数据运营
1.4,上海-浦东新区,应用运维工程师(001219)
1.4,深圳,重构工程师
1.8,上海-嘉定区,大数据开发工程师
1.1,广州,运维工程师
2.1,深圳,智能家居软件工程师
1.1,深圳-南山区,安全测试工程师
1.2,北京-朝阳区,测试工程师
1.7,深圳-南山区,数据库工程师（DBA）
2.2,上海,音视频流媒体开发工程师
1.8,上海-浦东新区,高级自动化测试工程师（外派外汇）
1.5,深圳,SAP ABAP顾问、JAVA工程师
1.2,上海-徐汇区,技术支持工程师
0.9,广州-天河区,Web前端开发工程师+大小周
1.2,上海,DevOps开发工程师
0.8,北京-海淀区,数据库开发
1.2,深圳-福田区,人工智能工程师
1.4,上海,前端开发—BI方向
1.5,上海-浦东新区,中高级测试工程师
1.2,广州-海珠区,游戏运维工程师
1.8,上海-徐汇区,C++开发工程师
2.5,北京-大兴区,高级运维开发工程师
1.0,广州-白云区,数据分析师
1.7,上海-静安区,算法工程师
1.4,上海-长宁区,现场运维工程师
1.9,广州-天河区,数据分析师
1.2,上海,软件实施工程师/系统集成工程师
1.1,上海-闵行区,软件测试工程师/主管
1.2,深圳-南山区,编程老师
1.7,深圳-龙华新区,高级爬虫系统开发工程师
1.7,上海,大数据研发工程师
1.2,深圳-南山区,高级测试工程师
1.4,深圳-南山区,软件测试工程师
1.9,深圳-南山区,高级测试工程师
1.2,上海-静安区,中级运维工程师
1.7,深圳-南山区,Algorithm field engineer
1.2,上海,Server测试
1.7,广州,运维开发工程师
1.4,上海-静安区,软件测试工程师
1.4,深圳-南山区,MTE软件工程师
1.6,广州,高级web工程师
0.9,深圳-南山区,软件及视觉工程师/培训师
2.1,上海-徐汇区,数据挖掘售前技术顾问
1.1,深圳-南山区,运维工程师
0.7,广州-天河区,运维工程师
1.0,广州-荔湾区,测试工程师
1.9,广州-越秀区,深度学习算法工程师
1.4,广州-天河区,游戏服务器开发工程师（C++）
3.4,上海-普陀区,算法工程师
1.2,上海,高级测试工程师
0.9,北京-朝阳区,数据分析师
2.3,广州,售前经理（人工智能）
2.2,深圳-南山区,软件开发工程师（智能卡）
1.2,上海-浦东新区,运维工程师
1.4,广州-天河区,Web前端开发工程师
1.7,上海-浦东新区,C语言开发工程师
2.6,深圳-南山区,高级后台开发
3.1,北京-朝阳区,数据分析与建模岗（senior）
1.0,广州-天河区,数据分析师
1.2,上海-浦东新区,软件测试工程师（自动化）
2.1,上海-浦东新区,资深软件工程师（图像算法）
1.3,深圳-南山区,几何算法工程师
1.0,北京-朝阳区,Python数据分析师
1.4,深圳-南山区,Python工程师（爬虫方向）
1.0,上海-徐汇区,Python开发工程师
1.4,深圳,Python高级开发工程师
1.8,上海-徐汇区,Python/Go开发工程师（自动化运维方向）
2.0,深圳,Python
2.0,上海,"Software Engineer_Python/C,C++/EDA"
1.2,北京-海淀区,python开发工程师
2.0,上海-浦东新区,Python高级程序员
1.4,广州-天河区,Python 开发工程师
2.8,深圳-南山区,C++/Python后台软件开发高级工程师
2.3,上海-静安区,高级Python金融开发工程师
1.0,上海-长宁区,Python开发工程师
1.1,上海-浦东新区,Python工程师（web后端）
2.8,上海-长宁区,python后端开发工程师
0.7,广州,Python程序员（网页爬虫）
1.8,上海-浦东新区,Python开发
1.6,上海-静安区,Python DevOps Engineer
1.4,北京-朝阳区,Python
2.0,上海-黄浦区,Senior Python Engineer
5.8,北京-朝阳区,语音算法工程师
0.9,上海-静安区,系统工程师W
2.0,异地招聘,平台系统架构师（无锡）
1.0,上海-浦东新区,NLP 自然语言处理工程师
2.0,北京,软件安全工程师（移动研发部）
1.2,上海-黄浦区,IT
2.8,北京,AE Tanner
21.7,异地招聘,CTO
1.8,异地招聘,AI算法工程师
1.8,广州-天河区,医药统计分析师
1.0,深圳-龙华新区,数据库工程师
2.0,深圳-南山区,3D&2D机械视觉应用研发工程师
1.1,北京-朝阳区,网络运维工程师
0.6,上海-徐汇区,网络工程技术员
2.0,上海-徐汇区,DevOps Engineer (Contractor)
3.0,北京-朝阳区,技术总监
2.0,深圳-福田区,hadoop工程师
1.0,北京,高级软件工程师
3.3,北京-海淀区,Java高级开发工程师(005430)
4.0,上海-静安区,算法工程师
1.6,北京-西城区,量化研究员
1.2,上海,大数据研发工程师
4.8,上海-普陀区,语义工程师
1.6,上海,IT项目经理 （分销/中台及BI系统IT经理/高级经理）
1.8,深圳-福田区,高级数据分析员
1.6,深圳,生物信息学博士后/高级研究学者
3.5,北京,区块链智能合约工程师
1.1,上海,生物信息分析工程师（转录组）
1.4,北京-海淀区,PHP开发工程师
2.0,北京-海淀区,(Sr) Quality Engineer
1.7,上海-徐汇区,高级web开发工程师-HTML5
1.4,上海-闵行区,渗透测试工程师
1.4,广州,工控非视觉软件工程师-二次开发/云计算/解决方案
0.9,上海-浦东新区,运维工程师
2.0,上海-浦东新区,软件工程师/C++
0.8,广州,幕墙BIM设计师（广州）
0.7,广州-海珠区,网络管护理员
2.8,深圳-龙岗区,图像算法工程师
0.8,深圳-南山区,Android软件工程师
0.6,深圳,Python开发工程师（初级）
0.4,深圳-宝安区,Python-AI开发
0.6,广州-天河区,Python开发工程师
0.5,深圳,Python开发工程师
0.5,上海,python/c++软件开发工程师
0.6,广州,Python开发工程师
0.7,上海-闵行区,python开发工程师
0.4,深圳,Python开发助理（可实习）
0.6,广州-天河区,Python工程师
0.5,广州-白云区,数据分析师（会简单Python）
0.7,广州-黄埔区,Python全栈开发
0.7,广州,Python爬虫工程师
0.7,上海-浦东新区,python工程师
0.5,深圳,Python开发实习生
0.5,广州-天河区,Go/Python语言开发工程师
0.5,深圳-福田区,初级python开发工程师
0.7,广州,Python开发工程师
0.7,北京-海淀区,技术支持工程师（Python软件运维）
0.7,上海,scratch\python课程设计师
0.7,上海-徐汇区,Python/Openstack 工程师
0.6,北京-海淀区,Python少儿培训师
0.7,上海-杨浦区,python爬虫工程师
0.7,深圳-福田区,Python数据采集网络爬虫工程师
0.7,上海-杨浦区,Python爬虫
0.7,广州,PYTHON 开发工程师
0.7,深圳-罗湖区,python/Django web开发工程师
0.6,广州-天河区,Python PyQt开发工程师
0.7,上海,Python开发工程师
0.7,异地招聘,Python开发工程师
0.6,深圳-福田区,应用程序开发工程师（.NET、Python+安全开发大牛)
0.7,广州-天河区,python工程师
0.7,北京-朝阳区,Python数据开发工程师
0.7,上海-长宁区,python数据实习生
0.7,北京-海淀区,诚招Python语言测试员
0.7,深圳-福田区,初级Python开发工程师
0.7,广州-天河区,Python Web开发工程师
0.7,广州-天河区,python开发工程师
0.5,广州-白云区,Python开发工程师(双休 五险一金 带薪年假 年度旅游）
0.6,上海-徐汇区,HTML5开发工程师/前端开发工程师
0.2,上海,对冲基金实习生
0.7,北京,系统工程师
0.6,广州-白云区,网站运维工程师（懂基础Java，前端页面更换设置）
0.5,深圳-龙岗区,数据分析专员
0.7,深圳-南山区,初级运维工程师
0.6,广州-天河区,Android开发工程师
0.8,广州,产品测试工程师（五险一金）
0.7,广州-黄埔区,软件测试工程师
0.7,广州-白云区,web前端开发工程师
0.4,北京-海淀区,软件测试实习生（虚拟化）
0.7,上海-黄浦区,量化投资经理
0.7,广州-海珠区,信息技术专员
0.7,上海,Junior software developer （英语佳）
0.7,上海-静安区,测试工程师
0.7,上海-浦东新区,软件测试工程师Architect
0.5,深圳,软件实施工程师（运维事业部）
0.5,上海,售前/售后技术支持工程师
0.5,深圳-宝安区,初级Java程序员
0.7,广州-海珠区,运维工程师
0.8,深圳-南山区,测试工程师
0.6,深圳-福田区,网站维护与推广
0.6,深圳,GIS数据工程师
0.7,上海-浦东新区,生物信息分析员—上海天昊生物
0.7,上海-徐汇区,系统工程师-SH
0.8,上海,数据分析师
0.6,上海-普陀区,liunx系统运维工程师
0.7,上海-浦东新区,人工智能算法工程师（实习）
0.7,广州-海珠区,生物信息工程师
0.6,深圳-南山区,硬件运维工程师
0.6,广州,APP测试
0.7,北京-朝阳区,系统运维工程师
0.6,上海-黄浦区,运维工程师
0.7,上海-静安区,金融量化研究（实习）
0.6,上海-闵行区,嵌入式研发工程师
0.7,深圳-南山区,游戏测试工程师
0.7,深圳-福田区,软件测试工程师
0.7,北京-海淀区,系统运维工程师
0.3,北京-朝阳区,测试实习生
0.5,北京-朝阳区,Data Scientist Intern
0.5,北京-海淀区,（急）硬件测试工程师
0.7,异地招聘,产品经理（武汉）
0.7,异地招聘,软件测试工程师
0.6,上海,课程开发工程师
0.7,北京-西城区,初级测试工程师
0.6,广州-番禺区,AI开发实习生
0.7,广州,运维工程师
0.7,上海,青少儿编程教学老师
0.5,上海-浦东新区,Senior AWS cloud software engineer
0.6,广州,游戏运营专员
0.7,广州-天河区,软件测试工程师
0.7,深圳,APP测试工程师
0.7,北京-海淀区,搜狐系统运维工程师
0.4,北京-海淀区,区块链软件工程师-实习生
0.4,广州-番禺区,Mysql数据库管理
0.7,广州,系统运维工程师 A
0.6,广州-越秀区,Web前端开发工程师
0.7,广州,运维工程师
0.7,深圳,软件测试工程师
0.7,北京-丰台区,测试工程师
0.7,北京-朝阳区,BI实施顾问
0.8,北京-海淀区,配置管理工程师
0.5,上海-浦东新区,Linux运维工程师
0.7,上海,初级软件工程师
0.7,深圳-罗湖区,PHP开发工程师
0.5,深圳-南山区,量化研究实习生
0.6,上海,招聘专员
0.7,上海-普陀区,Tableau 工程师
0.7,广州-越秀区,渗透测试工程师
0.7,北京-东城区,运维工程师
0.6,上海-浦东新区,初级开发工程师
0.4,北京-海淀区,实习生(计算机、财政、财务相关专业)
0.7,广州,运维工程师（广州）
0.7,上海,Research Fellow/Assistant (Fintech-RUI)-00276
0.7,北京,瓜子二手车北京招聘高级数据专员P
0.5,广州-荔湾区,网络管理员
0.4,广州-天河区,游戏C++后端开发实习生
0.7,广州,高级数据项目经理
0.6,深圳,业务数据分析师
0.5,上海-徐汇区,IT运维工程师
0.7,广州-海珠区,培训师（技术）
0.7,广州-番禺区,区块链开发工程师
0.5,上海-虹口区,程序开发员
0.7,广州,单片机工程师
0.4,广州-天河区,数据分析师
